{
	"credit": "Made with Blockbench",
	"textures": {
		"0": "block/oak_planks",
		"1": "block/barrel_bottom",
		"2": "block/barrel_side",
		"3": "block/barrel_top",
		"4": "block/anvil",
		"particle": "block/beehive_end",
		"1_0": "block/beehive_end",
		"1_1": "block/stripped_oak_log"
	},
	"elements": [
		{
			"name": "floor",
			"from": [12.22333, 6.96045, 25.44116],
			"to": [20.22333, 7.46045, 30.94116],
			"rotation": {"angle": 0, "axis": "y", "origin": [12.17, 6.16931, 24.55888]},
			"faces": {
				"north": {"uv": [0, 0, 16, 1], "texture": "#0"},
				"east": {"uv": [0, 0, 11, 1], "texture": "#0"},
				"south": {"uv": [0, 0, 16, 1], "texture": "#0"},
				"west": {"uv": [0, 0, 11, 1], "texture": "#0"},
				"up": {"uv": [0, 0, 11, 16], "rotation": 90, "texture": "#0"},
				"down": {"uv": [0, 0, 16, 11], "texture": "#0"}
			}
		},
		{
			"name": "floor",
			"from": [4.22333, 6.96045, 9.44116],
			"to": [12.22333, 7.46045, 17.44116],
			"rotation": {"angle": 0, "axis": "y", "origin": [12.17, 6.16931, 24.55888]},
			"faces": {
				"north": {"uv": [0, 0, 16, 1], "texture": "#0"},
				"east": {"uv": [0, 0, 16, 1], "texture": "#0"},
				"south": {"uv": [0, 0, 16, 1], "texture": "#0"},
				"west": {"uv": [0, 0, 16, 1], "texture": "#0"},
				"up": {"uv": [0, 0, 16, 16], "rotation": 90, "texture": "#0"},
				"down": {"uv": [0, 0, 16, 16], "texture": "#0"}
			}
		},
		{
			"name": "floor",
			"from": [12.22333, 6.96045, 9.44116],
			"to": [20.22333, 7.46045, 17.44116],
			"rotation": {"angle": 0, "axis": "y", "origin": [12.17, 6.16931, 24.55888]},
			"faces": {
				"north": {"uv": [0, 0, 16, 1], "texture": "#0"},
				"east": {"uv": [0, 0, 16, 1], "texture": "#0"},
				"south": {"uv": [0, 0, 16, 1], "texture": "#0"},
				"west": {"uv": [0, 0, 16, 1], "texture": "#0"},
				"up": {"uv": [0, 0, 16, 16], "rotation": 90, "texture": "#0"},
				"down": {"uv": [0, 0, 16, 16], "texture": "#0"}
			}
		},
		{
			"name": "floor",
			"from": [4.22333, 6.96045, 17.44116],
			"to": [12.22333, 7.46045, 25.44116],
			"rotation": {"angle": 0, "axis": "y", "origin": [12.17, 6.16931, 24.55888]},
			"faces": {
				"north": {"uv": [0, 0, 16, 1], "texture": "#0"},
				"east": {"uv": [0, 0, 16, 1], "texture": "#0"},
				"south": {"uv": [0, 0, 16, 1], "texture": "#0"},
				"west": {"uv": [0, 0, 16, 1], "texture": "#0"},
				"up": {"uv": [0, 0, 16, 16], "rotation": 90, "texture": "#0"},
				"down": {"uv": [0, 0, 16, 16], "texture": "#0"}
			}
		},
		{
			"name": "seats",
			"from": [4.22333, 10.96045, 17.44116],
			"to": [8.22333, 11.46045, 25.44116],
			"rotation": {"angle": 0, "axis": "y", "origin": [12.17, 6.16931, 24.55888]},
			"faces": {
				"north": {"uv": [0, 0, 8, 1], "texture": "#0"},
				"east": {"uv": [0, 0, 16, 1], "texture": "#0"},
				"south": {"uv": [0, 0, 8, 1], "texture": "#0"},
				"west": {"uv": [0, 0, 16, 1], "texture": "#0"},
				"up": {"uv": [0, 0, 16, 8], "rotation": 90, "texture": "#0"},
				"down": {"uv": [0, 0, 8, 16], "texture": "#0"}
			}
		},
		{
			"name": "seats",
			"from": [16.22333, 10.96045, 17.44116],
			"to": [20.22333, 11.46045, 25.44116],
			"rotation": {"angle": 0, "axis": "y", "origin": [12.17, 6.16931, 24.55888]},
			"faces": {
				"north": {"uv": [0, 0, 8, 1], "texture": "#0"},
				"east": {"uv": [0, 0, 16, 1], "texture": "#0"},
				"south": {"uv": [0, 0, 8, 1], "texture": "#0"},
				"west": {"uv": [0, 0, 16, 1], "texture": "#0"},
				"up": {"uv": [0, 0, 16, 8], "rotation": 90, "texture": "#0"},
				"down": {"uv": [0, 0, 8, 16], "texture": "#0"}
			}
		},
		{
			"name": "floor",
			"from": [12.22333, 6.96045, 17.44116],
			"to": [20.22333, 7.46045, 25.44116],
			"rotation": {"angle": 0, "axis": "y", "origin": [12.17, 6.16931, 24.55888]},
			"faces": {
				"north": {"uv": [0, 0, 16, 1], "texture": "#0"},
				"east": {"uv": [0, 0, 16, 1], "texture": "#0"},
				"south": {"uv": [0, 0, 16, 1], "texture": "#0"},
				"west": {"uv": [0, 0, 16, 1], "texture": "#0"},
				"up": {"uv": [0, 0, 16, 16], "rotation": 90, "texture": "#0"},
				"down": {"uv": [0, 0, 16, 16], "texture": "#0"}
			}
		},
		{
			"name": "floor",
			"from": [4.22333, 6.96045, 25.44116],
			"to": [12.22333, 7.46045, 30.94116],
			"rotation": {"angle": 0, "axis": "y", "origin": [12.17, 6.16931, 24.55888]},
			"faces": {
				"north": {"uv": [0, 0, 16, 1], "texture": "#0"},
				"east": {"uv": [0, 0, 11, 1], "texture": "#0"},
				"south": {"uv": [0, 0, 16, 1], "texture": "#0"},
				"west": {"uv": [0, 0, 11, 1], "texture": "#0"},
				"up": {"uv": [0, 0, 11, 16], "rotation": 90, "texture": "#0"},
				"down": {"uv": [0, 0, 16, 11], "texture": "#0"}
			}
		},
		{
			"name": "seats",
			"from": [4.22333, 10.96045, 25.44116],
			"to": [8.22333, 11.46045, 29.94116],
			"rotation": {"angle": 0, "axis": "y", "origin": [12.17, 6.16931, 24.55888]},
			"faces": {
				"north": {"uv": [0, 0, 8, 1], "texture": "#0"},
				"east": {"uv": [0, 0, 9, 1], "texture": "#0"},
				"south": {"uv": [0, 0, 8, 1], "texture": "#0"},
				"west": {"uv": [0, 0, 9, 1], "texture": "#0"},
				"up": {"uv": [0, 0, 9, 8], "rotation": 90, "texture": "#0"},
				"down": {"uv": [0, 0, 8, 9], "texture": "#0"}
			}
		},
		{
			"name": "seats",
			"from": [16.22333, 10.96045, 25.44116],
			"to": [20.22333, 11.46045, 29.94116],
			"rotation": {"angle": 0, "axis": "y", "origin": [12.17, 6.16931, 24.55888]},
			"faces": {
				"north": {"uv": [0, 0, 8, 1], "texture": "#0"},
				"east": {"uv": [0, 0, 9, 1], "texture": "#0"},
				"south": {"uv": [0, 0, 8, 1], "texture": "#0"},
				"west": {"uv": [0, 0, 9, 1], "texture": "#0"},
				"up": {"uv": [0, 0, 9, 8], "rotation": 90, "texture": "#0"},
				"down": {"uv": [0, 0, 8, 9], "texture": "#0"}
			}
		},
		{
			"from": [3.72333, 6.96045, 9.44116],
			"to": [4.22333, 9.46045, 30.94116],
			"rotation": {"angle": 0, "axis": "y", "origin": [12.17, 6.16931, 24.55888]},
			"faces": {
				"north": {"uv": [0, 0, 1, 5], "texture": "#0"},
				"east": {"uv": [0, 0, 16, 5], "texture": "#0"},
				"south": {"uv": [0, 0, 1, 5], "texture": "#0"},
				"west": {"uv": [0, 0, 16, 5], "texture": "#0"},
				"up": {"uv": [0, 0, 1, 16], "texture": "#0"},
				"down": {"uv": [0, 0, 1, 16], "texture": "#0"}
			}
		},
		{
			"from": [20.22333, 6.96045, 9.44116],
			"to": [20.72333, 9.46045, 30.94116],
			"rotation": {"angle": 0, "axis": "y", "origin": [12.17, 6.16931, 24.55888]},
			"faces": {
				"north": {"uv": [0, 0, 1, 5], "texture": "#0"},
				"east": {"uv": [0, 0, 16, 5], "texture": "#0"},
				"south": {"uv": [0, 0, 1, 5], "texture": "#0"},
				"west": {"uv": [0, 0, 16, 5], "texture": "#0"},
				"up": {"uv": [0, 0, 1, 16], "texture": "#0"},
				"down": {"uv": [0, 0, 1, 16], "texture": "#0"}
			}
		},
		{
			"from": [3.72333, 10.46045, 9.44116],
			"to": [4.22333, 12.96045, 30.94116],
			"rotation": {"angle": 0, "axis": "y", "origin": [12.17, 6.16931, 24.55888]},
			"faces": {
				"north": {"uv": [0, 0, 1, 5], "texture": "#0"},
				"east": {"uv": [0, 0, 16, 5], "texture": "#0"},
				"south": {"uv": [0, 0, 1, 5], "texture": "#0"},
				"west": {"uv": [0, 0, 16, 5], "texture": "#0"},
				"up": {"uv": [0, 0, 1, 16], "texture": "#0"},
				"down": {"uv": [0, 0, 1, 16], "texture": "#0"}
			}
		},
		{
			"from": [20.22333, 10.46045, 9.44116],
			"to": [20.72333, 12.96045, 30.94116],
			"rotation": {"angle": 0, "axis": "y", "origin": [12.17, 6.16931, 24.55888]},
			"faces": {
				"north": {"uv": [0, 0, 1, 5], "texture": "#0"},
				"east": {"uv": [0, 0, 16, 5], "texture": "#0"},
				"south": {"uv": [0, 0, 1, 5], "texture": "#0"},
				"west": {"uv": [0, 0, 16, 5], "texture": "#0"},
				"up": {"uv": [0, 0, 1, 16], "texture": "#0"},
				"down": {"uv": [0, 0, 1, 16], "texture": "#0"}
			}
		},
		{
			"from": [3.72333, 6.96045, 30.94116],
			"to": [10.22333, 9.46045, 31.44116],
			"rotation": {"angle": 0, "axis": "y", "origin": [12.17, 6.16931, 24.55888]},
			"faces": {
				"north": {"uv": [0, 0, 13, 5], "texture": "#0"},
				"east": {"uv": [0, 0, 1, 5], "texture": "#0"},
				"south": {"uv": [0, 0, 13, 5], "texture": "#0"},
				"west": {"uv": [0, 0, 1, 5], "texture": "#0"},
				"up": {"uv": [0, 0, 13, 1], "texture": "#0"},
				"down": {"uv": [0, 0, 13, 1], "texture": "#0"}
			}
		},
		{
			"from": [14.22333, 6.96045, 30.94116],
			"to": [20.72333, 9.46045, 31.44116],
			"rotation": {"angle": 0, "axis": "y", "origin": [12.17, 6.16931, 24.55888]},
			"faces": {
				"north": {"uv": [0, 0, 13, 5], "texture": "#0"},
				"east": {"uv": [0, 0, 1, 5], "texture": "#0"},
				"south": {"uv": [0, 0, 13, 5], "texture": "#0"},
				"west": {"uv": [0, 0, 1, 5], "texture": "#0"},
				"up": {"uv": [0, 0, 13, 1], "texture": "#0"},
				"down": {"uv": [0, 0, 13, 1], "texture": "#0"}
			}
		},
		{
			"from": [3.72333, 10.46045, 30.94116],
			"to": [10.22333, 12.96045, 31.44116],
			"rotation": {"angle": 0, "axis": "y", "origin": [12.17, 6.16931, 24.55888]},
			"faces": {
				"north": {"uv": [0, 0, 13, 5], "texture": "#0"},
				"east": {"uv": [0, 0, 1, 5], "texture": "#0"},
				"south": {"uv": [0, 0, 13, 5], "texture": "#0"},
				"west": {"uv": [0, 0, 1, 5], "texture": "#0"},
				"up": {"uv": [0, 0, 13, 1], "texture": "#0"},
				"down": {"uv": [0, 0, 13, 1], "texture": "#0"}
			}
		},
		{
			"from": [14.22333, 10.46045, 30.94116],
			"to": [20.72333, 12.96045, 31.44116],
			"rotation": {"angle": 0, "axis": "y", "origin": [12.17, 6.16931, 24.55888]},
			"faces": {
				"north": {"uv": [0, 0, 13, 5], "texture": "#0"},
				"east": {"uv": [0, 0, 1, 5], "texture": "#0"},
				"south": {"uv": [0, 0, 13, 5], "texture": "#0"},
				"west": {"uv": [0, 0, 1, 5], "texture": "#0"},
				"up": {"uv": [0, 0, 13, 1], "texture": "#0"},
				"down": {"uv": [0, 0, 13, 1], "texture": "#0"}
			}
		},
		{
			"from": [6.72333, 6.46045, 9.44116],
			"to": [8.72333, 6.96045, 28.44116],
			"rotation": {"angle": 0, "axis": "y", "origin": [12.17, 6.16931, 24.55888]},
			"faces": {
				"north": {"uv": [0, 0, 4, 1], "texture": "#0"},
				"east": {"uv": [0, 0, 16, 1], "texture": "#0"},
				"south": {"uv": [0, 0, 4, 1], "texture": "#0"},
				"west": {"uv": [0, 0, 16, 1], "texture": "#0"},
				"up": {"uv": [0, 0, 4, 16], "texture": "#0"},
				"down": {"uv": [0, 0, 16, 3], "rotation": 90, "texture": "#0"}
			}
		},
		{
			"from": [15.72333, 6.46045, 9.44116],
			"to": [17.72333, 6.96045, 28.44116],
			"rotation": {"angle": 0, "axis": "y", "origin": [12.17, 6.16931, 24.55888]},
			"faces": {
				"north": {"uv": [0, 0, 4, 1], "texture": "#0"},
				"east": {"uv": [0, 0, 16, 1], "texture": "#0"},
				"south": {"uv": [0, 0, 4, 1], "texture": "#0"},
				"west": {"uv": [0, 0, 16, 1], "texture": "#0"},
				"up": {"uv": [0, 0, 4, 16], "texture": "#0"},
				"down": {"uv": [0, 0, 16, 3], "rotation": 90, "texture": "#0"}
			}
		},
		{
			"from": [11.22333, 6.46045, 9.44116],
			"to": [13.22333, 6.96045, 28.44116],
			"rotation": {"angle": 0, "axis": "y", "origin": [12.17, 6.16931, 24.55888]},
			"faces": {
				"north": {"uv": [0, 0, 4, 1], "texture": "#0"},
				"east": {"uv": [0, 0, 16, 1], "texture": "#0"},
				"south": {"uv": [0, 0, 4, 1], "texture": "#0"},
				"west": {"uv": [0, 0, 16, 1], "texture": "#0"},
				"up": {"uv": [0, 0, 4, 16], "texture": "#0"},
				"down": {"uv": [0, 0, 16, 3], "rotation": 90, "texture": "#0"}
			}
		},
		{
			"from": [18.72333, 4.71045, 25.19116],
			"to": [22.22333, 5.21045, 25.69116],
			"rotation": {"angle": 0, "axis": "y", "origin": [12.17, 6.16931, 24.55888]},
			"faces": {
				"north": {"uv": [3, 3, 10, 4], "texture": "#4"},
				"east": {"uv": [7, 2, 8, 3], "texture": "#4"},
				"south": {"uv": [5, 3, 12, 4], "texture": "#4"},
				"west": {"uv": [6, 2, 7, 3], "texture": "#4"},
				"up": {"uv": [6, 3, 13, 4], "texture": "#4"},
				"down": {"uv": [4, 3, 11, 4], "texture": "#4"}
			}
		},
		{
			"from": [2.22333, 4.71045, 25.19116],
			"to": [5.72333, 5.21045, 25.69116],
			"rotation": {"angle": 0, "axis": "y", "origin": [12.17, 6.16931, 24.55888]},
			"faces": {
				"north": {"uv": [3, 3, 10, 4], "texture": "#4"},
				"east": {"uv": [7, 2, 8, 3], "texture": "#4"},
				"south": {"uv": [5, 3, 12, 4], "texture": "#4"},
				"west": {"uv": [6, 2, 7, 3], "texture": "#4"},
				"up": {"uv": [6, 3, 13, 4], "texture": "#4"},
				"down": {"uv": [4, 3, 11, 4], "texture": "#4"}
			}
		},
		{
			"from": [5.72333, 4.58545, 25.06616],
			"to": [18.72333, 5.33545, 25.81616],
			"rotation": {"angle": 0, "axis": "y", "origin": [12.17, 6.16931, 24.55888]},
			"faces": {
				"north": {"uv": [7, 0, 9, 16], "rotation": 90, "texture": "#4"},
				"east": {"uv": [7, 0, 9, 16], "rotation": 90, "texture": "#4"},
				"south": {"uv": [7, 0, 9, 16], "rotation": 90, "texture": "#4"},
				"west": {"uv": [7, 0, 9, 16], "rotation": 90, "texture": "#4"},
				"up": {"uv": [7, 0, 9, 16], "rotation": 90, "texture": "#4"},
				"down": {"uv": [7, 0, 9, 16], "rotation": 90, "texture": "#4"}
			}
		},
		{
			"from": [6.72333, 4.48545, 24.91616],
			"to": [8.72333, 6.43545, 25.91616],
			"rotation": {"angle": 0, "axis": "y", "origin": [12.17, 6.16931, 24.55888]},
			"faces": {
				"north": {"uv": [7, 0, 9, 16], "rotation": 90, "texture": "#4"},
				"east": {"uv": [7, 0, 9, 16], "rotation": 90, "texture": "#4"},
				"south": {"uv": [7, 0, 9, 16], "rotation": 90, "texture": "#4"},
				"west": {"uv": [7, 0, 9, 16], "rotation": 90, "texture": "#4"},
				"up": {"uv": [7, 0, 9, 16], "rotation": 90, "texture": "#4"},
				"down": {"uv": [7, 0, 9, 16], "rotation": 90, "texture": "#4"}
			}
		},
		{
			"from": [15.72333, 4.48545, 24.91616],
			"to": [17.72333, 6.43545, 25.91616],
			"rotation": {"angle": 0, "axis": "y", "origin": [12.17, 6.16931, 24.55888]},
			"faces": {
				"north": {"uv": [7, 0, 9, 16], "rotation": 90, "texture": "#4"},
				"east": {"uv": [7, 0, 9, 16], "rotation": 90, "texture": "#4"},
				"south": {"uv": [7, 0, 9, 16], "rotation": 90, "texture": "#4"},
				"west": {"uv": [7, 0, 9, 16], "rotation": 90, "texture": "#4"},
				"up": {"uv": [7, 0, 9, 16], "rotation": 90, "texture": "#4"},
				"down": {"uv": [7, 0, 9, 16], "rotation": 90, "texture": "#4"}
			}
		},
		{
			"name": "floor",
			"from": [4.22333, 6.96045, 1.44116],
			"to": [12.22333, 7.46045, 9.44116],
			"rotation": {"angle": 0, "axis": "y", "origin": [8.22333, 10.96045, 13.44116]},
			"faces": {
				"north": {"uv": [0, 0, 16, 1], "texture": "#0"},
				"east": {"uv": [0, 0, 16, 1], "texture": "#0"},
				"south": {"uv": [0, 0, 16, 1], "texture": "#0"},
				"west": {"uv": [0, 0, 16, 1], "texture": "#0"},
				"up": {"uv": [0, 0, 16, 16], "rotation": 90, "texture": "#0"},
				"down": {"uv": [0, 0, 16, 16], "texture": "#0"}
			}
		},
		{
			"name": "floor",
			"from": [12.22333, 6.96045, 1.44116],
			"to": [20.22333, 7.46045, 9.44116],
			"rotation": {"angle": 0, "axis": "y", "origin": [16.22333, 10.96045, 13.44116]},
			"faces": {
				"north": {"uv": [0, 0, 16, 1], "texture": "#0"},
				"east": {"uv": [0, 0, 16, 1], "texture": "#0"},
				"south": {"uv": [0, 0, 16, 1], "texture": "#0"},
				"west": {"uv": [0, 0, 16, 1], "texture": "#0"},
				"up": {"uv": [0, 0, 16, 16], "rotation": 90, "texture": "#0"},
				"down": {"uv": [0, 0, 16, 16], "texture": "#0"}
			}
		},
		{
			"name": "floor",
			"from": [12.22333, 7.46045, 1.44116],
			"to": [20.22333, 15.46045, 9.44116],
			"rotation": {"angle": 0, "axis": "y", "origin": [16.22333, 11.46045, 13.44116]},
			"faces": {
				"north": {"uv": [0, 0, 16, 16], "texture": "#2"},
				"east": {"uv": [0, 0, 16, 16], "texture": "#2"},
				"south": {"uv": [0, 0, 16, 16], "texture": "#2"},
				"west": {"uv": [0, 0, 16, 16], "texture": "#2"},
				"up": {"uv": [0, 0, 16, 16], "rotation": 90, "texture": "#3"},
				"down": {"uv": [0, 0, 16, 16], "texture": "#2"}
			}
		},
		{
			"from": [3.72333, 6.96045, -1.05884],
			"to": [4.22333, 9.46045, 9.44116],
			"rotation": {"angle": 0, "axis": "y", "origin": [7.72333, 10.96045, -8.05884]},
			"faces": {
				"north": {"uv": [0, 0, 1, 5], "texture": "#0"},
				"east": {"uv": [0, 0, 16, 5], "texture": "#0"},
				"south": {"uv": [0, 0, 1, 5], "texture": "#0"},
				"west": {"uv": [0, 0, 16, 5], "texture": "#0"},
				"up": {"uv": [0, 0, 1, 16], "texture": "#0"},
				"down": {"uv": [0, 0, 1, 16], "texture": "#0"}
			}
		},
		{
			"from": [20.22333, 6.96045, -1.05884],
			"to": [20.72333, 9.46045, 9.44116],
			"rotation": {"angle": 0, "axis": "y", "origin": [24.22333, 10.96045, -8.05884]},
			"faces": {
				"north": {"uv": [0, 0, 1, 5], "texture": "#0"},
				"east": {"uv": [0, 0, 16, 5], "texture": "#0"},
				"south": {"uv": [0, 0, 1, 5], "texture": "#0"},
				"west": {"uv": [0, 0, 16, 5], "texture": "#0"},
				"up": {"uv": [0, 0, 1, 16], "texture": "#0"},
				"down": {"uv": [0, 0, 1, 16], "texture": "#0"}
			}
		},
		{
			"from": [3.72333, 10.46045, -1.05884],
			"to": [4.22333, 12.96045, 9.44116],
			"rotation": {"angle": 0, "axis": "y", "origin": [7.72333, 14.46045, -8.05884]},
			"faces": {
				"north": {"uv": [0, 0, 1, 5], "texture": "#0"},
				"east": {"uv": [0, 0, 16, 5], "texture": "#0"},
				"south": {"uv": [0, 0, 1, 5], "texture": "#0"},
				"west": {"uv": [0, 0, 16, 5], "texture": "#0"},
				"up": {"uv": [0, 0, 1, 16], "texture": "#0"},
				"down": {"uv": [0, 0, 1, 16], "texture": "#0"}
			}
		},
		{
			"from": [20.22333, 10.46045, -1.05884],
			"to": [20.72333, 12.96045, 9.44116],
			"rotation": {"angle": 0, "axis": "y", "origin": [24.22333, 14.46045, -8.05884]},
			"faces": {
				"north": {"uv": [0, 0, 1, 5], "texture": "#0"},
				"east": {"uv": [0, 0, 16, 5], "texture": "#0"},
				"south": {"uv": [0, 0, 1, 5], "texture": "#0"},
				"west": {"uv": [0, 0, 16, 5], "texture": "#0"},
				"up": {"uv": [0, 0, 1, 16], "texture": "#0"},
				"down": {"uv": [0, 0, 1, 16], "texture": "#0"}
			}
		},
		{
			"from": [4.22333, 6.96045, 0.94116],
			"to": [9.72333, 9.46045, 1.44116],
			"rotation": {"angle": 0, "axis": "y", "origin": [11.72333, 10.96045, 4.94116]},
			"faces": {
				"north": {"uv": [0, 0, 11, 5], "texture": "#0"},
				"east": {"uv": [0, 0, 1, 5], "texture": "#0"},
				"south": {"uv": [0, 0, 11, 5], "texture": "#0"},
				"west": {"uv": [0, 0, 1, 5], "texture": "#0"},
				"up": {"uv": [0, 0, 11, 1], "texture": "#0"},
				"down": {"uv": [0, 0, 11, 1], "texture": "#0"}
			}
		},
		{
			"from": [14.72333, 6.96045, 0.94116],
			"to": [20.22333, 9.46045, 1.44116],
			"rotation": {"angle": 0, "axis": "y", "origin": [22.22333, 10.96045, 4.94116]},
			"faces": {
				"north": {"uv": [0, 0, 11, 5], "texture": "#0"},
				"east": {"uv": [0, 0, 1, 5], "texture": "#0"},
				"south": {"uv": [0, 0, 11, 5], "texture": "#0"},
				"west": {"uv": [0, 0, 1, 5], "texture": "#0"},
				"up": {"uv": [0, 0, 11, 1], "texture": "#0"},
				"down": {"uv": [0, 0, 11, 1], "texture": "#0"}
			}
		},
		{
			"from": [4.22333, 10.46045, 0.94116],
			"to": [20.22333, 12.96045, 1.44116],
			"rotation": {"angle": 0, "axis": "y", "origin": [22.22333, 14.46045, 4.94116]},
			"faces": {
				"north": {"uv": [0, 0, 16, 5], "texture": "#0"},
				"east": {"uv": [0, 0, 1, 5], "texture": "#0"},
				"south": {"uv": [0, 0, 16, 5], "texture": "#0"},
				"west": {"uv": [0, 0, 1, 5], "texture": "#0"},
				"up": {"uv": [0, 0, 16, 1], "texture": "#0"},
				"down": {"uv": [0, 0, 16, 1], "texture": "#0"}
			}
		},
		{
			"from": [6.72333, 6.46045, -1.05884],
			"to": [8.72333, 6.96045, 6.94116],
			"rotation": {"angle": 0, "axis": "y", "origin": [11.22333, 10.46045, -3.05884]},
			"faces": {
				"north": {"uv": [0, 0, 4, 1], "texture": "#0"},
				"east": {"uv": [0, 0, 16, 1], "texture": "#0"},
				"south": {"uv": [0, 0, 4, 1], "texture": "#0"},
				"west": {"uv": [0, 0, 16, 1], "texture": "#0"},
				"up": {"uv": [0, 0, 4, 16], "texture": "#0"},
				"down": {"uv": [0, 0, 16, 3], "rotation": 90, "texture": "#0"}
			}
		},
		{
			"from": [15.72333, 6.46045, -1.05884],
			"to": [17.72333, 6.96045, 6.94116],
			"rotation": {"angle": 0, "axis": "y", "origin": [20.22333, 10.46045, -3.05884]},
			"faces": {
				"north": {"uv": [0, 0, 4, 1], "texture": "#0"},
				"east": {"uv": [0, 0, 16, 1], "texture": "#0"},
				"south": {"uv": [0, 0, 4, 1], "texture": "#0"},
				"west": {"uv": [0, 0, 16, 1], "texture": "#0"},
				"up": {"uv": [0, 0, 4, 16], "texture": "#0"},
				"down": {"uv": [0, 0, 16, 3], "rotation": 90, "texture": "#0"}
			}
		},
		{
			"from": [11.22333, 6.46045, -2.55884],
			"to": [13.22333, 6.96045, 6.94116],
			"rotation": {"angle": 0, "axis": "y", "origin": [15.72333, 10.46045, -3.05884]},
			"faces": {
				"north": {"uv": [0, 0, 4, 1], "texture": "#0"},
				"east": {"uv": [0, 0, 16, 1], "texture": "#0"},
				"south": {"uv": [0, 0, 4, 1], "texture": "#0"},
				"west": {"uv": [0, 0, 16, 1], "texture": "#0"},
				"up": {"uv": [0, 0, 4, 16], "texture": "#0"},
				"down": {"uv": [0, 0, 16, 3], "rotation": 90, "texture": "#0"}
			}
		},
		{
			"from": [11.22333, 5.46045, -12.05884],
			"to": [13.22333, 6.46045, -0.55884],
			"rotation": {"angle": 0, "axis": "y", "origin": [16.22333, 9.96045, -12.55884]},
			"faces": {
				"north": {"uv": [0, 0, 4, 1], "texture": "#1"},
				"east": {"uv": [0, 0, 16, 1], "texture": "#1"},
				"south": {"uv": [0, 0, 4, 1], "texture": "#1"},
				"west": {"uv": [0, 0, 16, 1], "texture": "#1"},
				"up": {"uv": [1, 0, 5, 16], "texture": "#1"},
				"down": {"uv": [0, 1, 16, 4], "rotation": 90, "texture": "#1"}
			}
		},
		{
			"from": [13.22333, 5.46045, -12.05884],
			"to": [13.72333, 6.46045, -9.05884],
			"rotation": {"angle": 0, "axis": "y", "origin": [15.22333, 2.46045, -7.55884]},
			"faces": {
				"north": {"uv": [0, 0, 1, 2], "texture": "#1"},
				"east": {"uv": [0, 0, 6, 2], "texture": "#1"},
				"south": {"uv": [0, 0, 1, 2], "texture": "#1"},
				"west": {"uv": [0, 0, 6, 2], "texture": "#1"},
				"up": {"uv": [0, 0, 1, 6], "texture": "#1"},
				"down": {"uv": [0, 0, 1, 6], "texture": "#1"}
			}
		},
		{
			"from": [10.72333, 5.46045, -12.05884],
			"to": [11.22333, 6.46045, -9.05884],
			"rotation": {"angle": 0, "axis": "y", "origin": [12.72333, 2.46045, -7.55884]},
			"faces": {
				"north": {"uv": [0, 0, 1, 2], "texture": "#1"},
				"east": {"uv": [0, 0, 6, 2], "texture": "#1"},
				"south": {"uv": [0, 0, 1, 2], "texture": "#1"},
				"west": {"uv": [0, 0, 6, 2], "texture": "#1"},
				"up": {"uv": [0, 0, 1, 6], "texture": "#1"},
				"down": {"uv": [0, 0, 1, 6], "texture": "#1"}
			}
		},
		{
			"from": [4.22333, 8.96045, -3.05884],
			"to": [20.22333, 9.46045, 0.94116],
			"rotation": {"angle": 0, "axis": "y", "origin": [8.22333, 12.96045, 1.44116]},
			"faces": {
				"north": {"uv": [0, 0, 16, 1], "texture": "#0"},
				"east": {"uv": [0, 0, 8, 1], "texture": "#0"},
				"south": {"uv": [0, 0, 16, 1], "texture": "#0"},
				"west": {"uv": [0, 0, 8, 1], "texture": "#0"},
				"up": {"uv": [0, 0, 16, 8], "texture": "#0"},
				"down": {"uv": [0, 0, 16, 8], "texture": "#0"}
			}
		},
		{
			"from": [18.72333, 4.71045, 3.19116],
			"to": [22.22333, 5.21045, 3.69116],
			"rotation": {"angle": 0, "axis": "y", "origin": [12.17, 6.16931, 2.55888]},
			"faces": {
				"north": {"uv": [3, 3, 10, 4], "texture": "#4"},
				"east": {"uv": [7, 2, 8, 3], "texture": "#4"},
				"south": {"uv": [5, 3, 12, 4], "texture": "#4"},
				"west": {"uv": [6, 2, 7, 3], "texture": "#4"},
				"up": {"uv": [6, 3, 13, 4], "texture": "#4"},
				"down": {"uv": [4, 3, 11, 4], "texture": "#4"}
			}
		},
		{
			"from": [2.22333, 4.71045, 3.19116],
			"to": [5.72333, 5.21045, 3.69116],
			"rotation": {"angle": 0, "axis": "y", "origin": [12.17, 6.16931, 2.55888]},
			"faces": {
				"north": {"uv": [3, 3, 10, 4], "texture": "#4"},
				"east": {"uv": [7, 2, 8, 3], "texture": "#4"},
				"south": {"uv": [5, 3, 12, 4], "texture": "#4"},
				"west": {"uv": [6, 2, 7, 3], "texture": "#4"},
				"up": {"uv": [6, 3, 13, 4], "texture": "#4"},
				"down": {"uv": [4, 3, 11, 4], "texture": "#4"}
			}
		},
		{
			"from": [5.72333, 4.58545, 3.06616],
			"to": [18.72333, 5.33545, 3.81616],
			"rotation": {"angle": 0, "axis": "y", "origin": [12.17, 6.16931, 2.55888]},
			"faces": {
				"north": {"uv": [7, 0, 9, 16], "rotation": 90, "texture": "#4"},
				"east": {"uv": [7, 0, 9, 16], "rotation": 90, "texture": "#4"},
				"south": {"uv": [7, 0, 9, 16], "rotation": 90, "texture": "#4"},
				"west": {"uv": [7, 0, 9, 16], "rotation": 90, "texture": "#4"},
				"up": {"uv": [7, 0, 9, 16], "rotation": 90, "texture": "#4"},
				"down": {"uv": [7, 0, 9, 16], "rotation": 90, "texture": "#4"}
			}
		},
		{
			"from": [6.72333, 4.48545, 2.91616],
			"to": [8.72333, 6.43545, 3.91616],
			"rotation": {"angle": 0, "axis": "y", "origin": [12.17, 6.16931, 2.55888]},
			"faces": {
				"north": {"uv": [7, 0, 9, 16], "rotation": 90, "texture": "#4"},
				"east": {"uv": [7, 0, 9, 16], "rotation": 90, "texture": "#4"},
				"south": {"uv": [7, 0, 9, 16], "rotation": 90, "texture": "#4"},
				"west": {"uv": [7, 0, 9, 16], "rotation": 90, "texture": "#4"},
				"up": {"uv": [7, 0, 9, 16], "rotation": 90, "texture": "#4"},
				"down": {"uv": [7, 0, 9, 16], "rotation": 90, "texture": "#4"}
			}
		},
		{
			"from": [15.72333, 4.48545, 2.91616],
			"to": [17.72333, 6.43545, 3.91616],
			"rotation": {"angle": 0, "axis": "y", "origin": [12.17, 6.16931, 2.55888]},
			"faces": {
				"north": {"uv": [7, 0, 9, 16], "rotation": 90, "texture": "#4"},
				"east": {"uv": [7, 0, 9, 16], "rotation": 90, "texture": "#4"},
				"south": {"uv": [7, 0, 9, 16], "rotation": 90, "texture": "#4"},
				"west": {"uv": [7, 0, 9, 16], "rotation": 90, "texture": "#4"},
				"up": {"uv": [7, 0, 9, 16], "rotation": 90, "texture": "#4"},
				"down": {"uv": [7, 0, 9, 16], "rotation": 90, "texture": "#4"}
			}
		},
		{
			"name": "center",
			"from": [4.80128, 8.54832, 2.04206],
			"to": [11.66912, 14.89872, 8.82846],
			"rotation": {"angle": 0, "axis": "y", "origin": [4.2368, 7.9368, 1.44326]},
			"faces": {
				"north": {"uv": [1, 1, 14.6, 14.5], "texture": "#1_0"},
				"east": {"uv": [1, 1, 14.6, 14.5], "texture": "#1_0"},
				"south": {"uv": [1, 1, 14.6, 14.5], "texture": "#1_0"},
				"west": {"uv": [1, 1, 14.6, 14.5], "texture": "#1_0"},
				"up": {"uv": [1, 1, 14.6, 14.6], "texture": "#1_0"},
				"down": {"uv": [1, 1, 14.6, 14.6], "texture": "#1_0"}
			}
		},
		{
			"from": [4.2368, 7.9368, 2.44126],
			"to": [5.648, 8.8776, 8.42926],
			"rotation": {"angle": 0, "axis": "y", "origin": [4.2368, 7.9368, 1.44326]},
			"faces": {
				"north": {"uv": [0, 0, 2, 2], "texture": "#1_1"},
				"east": {"uv": [0, 0, 12, 2], "texture": "#1_1"},
				"south": {"uv": [0, 0, 2, 2], "texture": "#1_1"},
				"west": {"uv": [4, 10, 16, 12], "texture": "#1_1"},
				"up": {"uv": [0, 0, 2, 12], "texture": "#1_1"},
				"down": {"uv": [0, 0, 2, 12], "texture": "#1_1"}
			}
		},
		{
			"from": [4.2368, 7.9368, 1.44326],
			"to": [12.2336, 8.8776, 2.44126],
			"rotation": {"angle": 0, "axis": "y", "origin": [4.2368, 7.9368, 1.44326]},
			"faces": {
				"north": {"uv": [0, 5, 16, 7], "texture": "#1_1"},
				"east": {"uv": [0, 0, 2, 2], "texture": "#1_1"},
				"south": {"uv": [0, 0, 16, 2], "texture": "#1_1"},
				"west": {"uv": [0, 0, 2, 2], "texture": "#1_1"},
				"up": {"uv": [0, 0, 16, 2], "texture": "#1_1"},
				"down": {"uv": [0, 0, 16, 2], "texture": "#1_1"}
			}
		},
		{
			"from": [4.2368, 8.8776, 1.44326],
			"to": [5.648, 14.5224, 2.44126],
			"rotation": {"angle": 0, "axis": "y", "origin": [4.2368, 7.9368, 1.44326]},
			"faces": {
				"north": {"uv": [0, 0, 2, 12], "texture": "#1_1"},
				"east": {"uv": [0, 0, 2, 12], "texture": "#1_1"},
				"south": {"uv": [0, 0, 2, 12], "texture": "#1_1"},
				"west": {"uv": [7, 2, 9, 14], "texture": "#1_1"},
				"up": {"uv": [0, 0, 2, 2], "texture": "#1_1"},
				"down": {"uv": [0, 0, 2, 2], "texture": "#1_1"}
			}
		},
		{
			"from": [4.2368, 14.5224, 1.44326],
			"to": [12.2336, 15.4632, 2.44126],
			"rotation": {"angle": 0, "axis": "y", "origin": [4.2368, 7.9368, 1.44326]},
			"faces": {
				"north": {"uv": [0, 0, 16, 2], "texture": "#1_1"},
				"east": {"uv": [0, 0, 2, 2], "texture": "#1_1"},
				"south": {"uv": [0, 0, 16, 2], "texture": "#1_1"},
				"west": {"uv": [0, 0, 2, 2], "texture": "#1_1"},
				"up": {"uv": [0, 0, 16, 2], "texture": "#1_1"},
				"down": {"uv": [0, 0, 16, 2], "texture": "#1_1"}
			}
		},
		{
			"from": [4.2368, 14.5224, 2.44126],
			"to": [5.648, 15.4632, 8.42926],
			"rotation": {"angle": 0, "axis": "y", "origin": [4.2368, 7.9368, 1.44326]},
			"faces": {
				"north": {"uv": [0, 0, 2, 2], "texture": "#1_1"},
				"east": {"uv": [0, 0, 12, 2], "texture": "#1_1"},
				"south": {"uv": [0, 0, 2, 2], "texture": "#1_1"},
				"west": {"uv": [0, 0, 12, 2], "texture": "#1_1"},
				"up": {"uv": [0, 0, 2, 12], "texture": "#1_1"},
				"down": {"uv": [0, 0, 2, 12], "texture": "#1_1"}
			}
		},
		{
			"from": [4.2368, 8.8776, 8.42926],
			"to": [5.648, 14.5224, 9.42726],
			"rotation": {"angle": 0, "axis": "y", "origin": [4.2368, 7.9368, 1.44326]},
			"faces": {
				"north": {"uv": [3, 4, 5, 16], "texture": "#1_1"},
				"east": {"uv": [2, 2, 4, 14], "texture": "#1_1"},
				"south": {"uv": [5, 3, 7, 15], "texture": "#1_1"},
				"west": {"uv": [11, 0, 13, 12], "texture": "#1_1"},
				"up": {"uv": [0, 0, 2, 2], "texture": "#1_1"},
				"down": {"uv": [9, 7, 11, 9], "texture": "#1_1"}
			}
		},
		{
			"from": [10.8224, 8.8776, 1.44326],
			"to": [12.2336, 14.5224, 2.44126],
			"rotation": {"angle": 0, "axis": "y", "origin": [4.2368, 7.9368, 1.44326]},
			"faces": {
				"north": {"uv": [0, 0, 2, 12], "texture": "#1_1"},
				"east": {"uv": [9, 2, 11, 14], "texture": "#1_1"},
				"south": {"uv": [0, 0, 2, 12], "texture": "#1_1"},
				"west": {"uv": [7, 4, 9, 16], "texture": "#1_1"},
				"up": {"uv": [0, 0, 2, 2], "texture": "#1_1"},
				"down": {"uv": [0, 0, 2, 2], "texture": "#1_1"}
			}
		},
		{
			"from": [4.2368, 14.5224, 8.42926],
			"to": [12.2336, 15.4632, 9.42726],
			"rotation": {"angle": 0, "axis": "y", "origin": [4.2368, 7.9368, 1.44326]},
			"faces": {
				"north": {"uv": [0, 0, 16, 2], "texture": "#1_1"},
				"east": {"uv": [0, 0, 2, 2], "texture": "#1_1"},
				"south": {"uv": [0, 0, 16, 2], "texture": "#1_1"},
				"west": {"uv": [0, 0, 2, 2], "texture": "#1_1"},
				"up": {"uv": [0, 0, 16, 2], "texture": "#1_1"},
				"down": {"uv": [0, 0, 16, 2], "texture": "#1_1"}
			}
		},
		{
			"from": [10.8224, 8.8776, 8.42926],
			"to": [12.2336, 14.5224, 9.42726],
			"rotation": {"angle": 0, "axis": "y", "origin": [4.2368, 7.9368, 1.44326]},
			"faces": {
				"north": {"uv": [0, 0, 2, 12], "texture": "#1_1"},
				"east": {"uv": [7, 3, 9, 15], "texture": "#1_1"},
				"south": {"uv": [0, 0, 2, 12], "texture": "#1_1"},
				"west": {"uv": [0, 0, 2, 12], "texture": "#1_1"},
				"up": {"uv": [0, 0, 2, 2], "texture": "#1_1"},
				"down": {"uv": [0, 0, 2, 2], "texture": "#1_1"}
			}
		},
		{
			"from": [4.2368, 7.9368, 8.42926],
			"to": [12.2336, 8.8776, 9.42726],
			"rotation": {"angle": 0, "axis": "y", "origin": [4.2368, 7.9368, 1.44326]},
			"faces": {
				"north": {"uv": [0, 0, 16, 2], "texture": "#1_1"},
				"east": {"uv": [0, 0, 2, 2], "texture": "#1_1"},
				"south": {"uv": [0, 14, 16, 16], "texture": "#1_1"},
				"west": {"uv": [0, 0, 2, 2], "texture": "#1_1"},
				"up": {"uv": [0, 0, 16, 2], "texture": "#1_1"},
				"down": {"uv": [0, 0, 16, 2], "texture": "#1_1"}
			}
		},
		{
			"from": [10.8224, 7.9368, 2.44126],
			"to": [12.2336, 8.8776, 8.42926],
			"rotation": {"angle": 0, "axis": "y", "origin": [4.2368, 7.9368, 1.44326]},
			"faces": {
				"north": {"uv": [0, 0, 2, 2], "texture": "#1_1"},
				"east": {"uv": [0, 0, 12, 2], "texture": "#1_1"},
				"south": {"uv": [0, 0, 2, 2], "texture": "#1_1"},
				"west": {"uv": [0, 0, 12, 2], "texture": "#1_1"},
				"up": {"uv": [0, 0, 2, 12], "texture": "#1_1"},
				"down": {"uv": [0, 0, 2, 12], "texture": "#1_1"}
			}
		},
		{
			"from": [10.8224, 14.5224, 2.44126],
			"to": [12.2336, 15.4632, 8.42926],
			"rotation": {"angle": 0, "axis": "y", "origin": [4.2368, 7.9368, 1.44326]},
			"faces": {
				"north": {"uv": [0, 0, 2, 2], "texture": "#1_1"},
				"east": {"uv": [1, 7, 13, 9], "texture": "#1_1"},
				"south": {"uv": [0, 0, 2, 2], "texture": "#1_1"},
				"west": {"uv": [0, 0, 12, 2], "texture": "#1_1"},
				"up": {"uv": [0, 0, 2, 12], "texture": "#1_1"},
				"down": {"uv": [0, 0, 2, 12], "texture": "#1_1"}
			}
		},
		{
			"from": [4.33088, 7.36205, 5.04695],
			"to": [5.1776, 15.82925, 6.04495],
			"rotation": {"angle": 45, "axis": "x", "origin": [8, 11.7, 5.43526]},
			"faces": {
				"north": {"uv": [0, 0, 16, 0.8], "rotation": 270, "texture": "#1_1"},
				"east": {"uv": [0, 0, 16, 2], "rotation": 270, "texture": "#1_1"},
				"south": {"uv": [0, 0, 16, 0.8], "rotation": 270, "texture": "#1_1"},
				"west": {"uv": [0, 0, 16, 2], "rotation": 90, "texture": "#1_1"},
				"up": {"uv": [0, 0, 0.8, 2], "rotation": 180, "texture": "#1_1"},
				"down": {"uv": [0, 0, 0.8, 2], "texture": "#1_1"}
			}
		},
		{
			"from": [7.42525, 7.36205, 1.54306],
			"to": [8.83645, 15.82925, 1.94226],
			"rotation": {"angle": 45, "axis": "z", "origin": [8, 11.7, 5.43526]},
			"faces": {
				"north": {"uv": [0, 0, 16, 2], "rotation": 90, "texture": "#1_1"},
				"east": {"uv": [0, 0, 16, 0.8], "rotation": 270, "texture": "#1_1"},
				"south": {"uv": [0, 0, 16, 2], "rotation": 270, "texture": "#1_1"},
				"west": {"uv": [0, 0, 16, 0.8], "rotation": 270, "texture": "#1_1"},
				"up": {"uv": [0, 0, 0.8, 2], "rotation": 270, "texture": "#1_1"},
				"down": {"uv": [0, 0, 0.8, 2], "rotation": 270, "texture": "#1_1"}
			}
		},
		{
			"from": [3.87075, 8.12496, 5.04695],
			"to": [12.80835, 8.50128, 6.04495],
			"rotation": {"angle": 45, "axis": "y", "origin": [8, 11.7, 5.43526]},
			"faces": {
				"north": {"uv": [0, 0, 16, 0.8], "texture": "#1_1"},
				"east": {"uv": [0, 0, 0.8, 2], "rotation": 270, "texture": "#1_1"},
				"south": {"uv": [0, 0, 16, 0.8], "rotation": 180, "texture": "#1_1"},
				"west": {"uv": [0, 0, 0.8, 2], "rotation": 90, "texture": "#1_1"},
				"up": {"uv": [0, 0, 16, 2], "rotation": 180, "texture": "#1_1"},
				"down": {"uv": [0, 0, 16, 2], "texture": "#1_1"}
			}
		},
		{
			"from": [3.87075, 14.89872, 5.04695],
			"to": [12.80835, 15.32208, 6.04495],
			"rotation": {"angle": 45, "axis": "y", "origin": [8, 11.7, 5.43526]},
			"faces": {
				"north": {"uv": [0, 0, 16, 0.9], "texture": "#1_1"},
				"east": {"uv": [0, 0, 0.9, 2], "rotation": 270, "texture": "#1_1"},
				"south": {"uv": [0, 0, 16, 0.9], "rotation": 180, "texture": "#1_1"},
				"west": {"uv": [0, 0, 0.9, 2], "rotation": 90, "texture": "#1_1"},
				"up": {"uv": [0, 7, 16, 9], "rotation": 180, "texture": "#1_1"},
				"down": {"uv": [0, 0, 16, 2], "texture": "#1_1"}
			}
		},
		{
			"from": [11.24576, 7.36205, 5.04695],
			"to": [12.13952, 15.82925, 6.04495],
			"rotation": {"angle": -45, "axis": "x", "origin": [8, 11.7, 5.43526]},
			"faces": {
				"north": {"uv": [0, 0, 16, 0.9], "rotation": 270, "texture": "#1_1"},
				"east": {"uv": [0, 0, 16, 2], "rotation": 270, "texture": "#1_1"},
				"south": {"uv": [0, 0, 16, 0.9], "rotation": 270, "texture": "#1_1"},
				"west": {"uv": [0, 0, 16, 2], "rotation": 90, "texture": "#1_1"},
				"up": {"uv": [0, 0, 0.9, 2], "rotation": 180, "texture": "#1_1"},
				"down": {"uv": [0, 0, 0.9, 2], "texture": "#1_1"}
			}
		},
		{
			"from": [7.42525, 7.36205, 8.87836],
			"to": [8.83645, 15.82925, 9.32746],
			"rotation": {"angle": -45, "axis": "z", "origin": [8, 11.7, 5.43526]},
			"faces": {
				"north": {"uv": [0, 0, 16, 2], "rotation": 90, "texture": "#1_1"},
				"east": {"uv": [0, 0, 16, 0.9], "rotation": 270, "texture": "#1_1"},
				"south": {"uv": [0, 0, 16, 2], "rotation": 270, "texture": "#1_1"},
				"west": {"uv": [0, 0, 16, 0.9], "rotation": 270, "texture": "#1_1"},
				"up": {"uv": [0, 0, 0.9, 2], "rotation": 270, "texture": "#1_1"},
				"down": {"uv": [0, 0, 0.9, 2], "rotation": 270, "texture": "#1_1"}
			}
		},
		{
			"name": "center",
			"from": [12.80128, 8.54832, 10.04206],
			"to": [19.66912, 14.89872, 16.82846],
			"rotation": {"angle": 0, "axis": "y", "origin": [12.2368, 7.9368, 9.44326]},
			"faces": {
				"north": {"uv": [1, 1, 14.6, 14.5], "texture": "#1_0"},
				"east": {"uv": [1, 1, 14.6, 14.5], "texture": "#1_0"},
				"south": {"uv": [1, 1, 14.6, 14.5], "texture": "#1_0"},
				"west": {"uv": [1, 1, 14.6, 14.5], "texture": "#1_0"},
				"up": {"uv": [1, 1, 14.6, 14.6], "texture": "#1_0"},
				"down": {"uv": [1, 1, 14.6, 14.6], "texture": "#1_0"}
			}
		},
		{
			"from": [12.2368, 7.9368, 10.44126],
			"to": [13.648, 8.8776, 16.42926],
			"rotation": {"angle": 0, "axis": "y", "origin": [12.2368, 7.9368, 9.44326]},
			"faces": {
				"north": {"uv": [0, 0, 2, 2], "texture": "#1_1"},
				"east": {"uv": [0, 0, 12, 2], "texture": "#1_1"},
				"south": {"uv": [0, 0, 2, 2], "texture": "#1_1"},
				"west": {"uv": [4, 10, 16, 12], "texture": "#1_1"},
				"up": {"uv": [0, 0, 2, 12], "texture": "#1_1"},
				"down": {"uv": [0, 0, 2, 12], "texture": "#1_1"}
			}
		},
		{
			"from": [12.2368, 7.9368, 9.44326],
			"to": [20.2336, 8.8776, 10.44126],
			"rotation": {"angle": 0, "axis": "y", "origin": [12.2368, 7.9368, 9.44326]},
			"faces": {
				"north": {"uv": [0, 5, 16, 7], "texture": "#1_1"},
				"east": {"uv": [0, 0, 2, 2], "texture": "#1_1"},
				"south": {"uv": [0, 0, 16, 2], "texture": "#1_1"},
				"west": {"uv": [0, 0, 2, 2], "texture": "#1_1"},
				"up": {"uv": [0, 0, 16, 2], "texture": "#1_1"},
				"down": {"uv": [0, 0, 16, 2], "texture": "#1_1"}
			}
		},
		{
			"from": [12.2368, 8.8776, 9.44326],
			"to": [13.648, 14.5224, 10.44126],
			"rotation": {"angle": 0, "axis": "y", "origin": [12.2368, 7.9368, 9.44326]},
			"faces": {
				"north": {"uv": [0, 0, 2, 12], "texture": "#1_1"},
				"east": {"uv": [0, 0, 2, 12], "texture": "#1_1"},
				"south": {"uv": [0, 0, 2, 12], "texture": "#1_1"},
				"west": {"uv": [7, 2, 9, 14], "texture": "#1_1"},
				"up": {"uv": [0, 0, 2, 2], "texture": "#1_1"},
				"down": {"uv": [0, 0, 2, 2], "texture": "#1_1"}
			}
		},
		{
			"from": [12.2368, 14.5224, 9.44326],
			"to": [20.2336, 15.4632, 10.44126],
			"rotation": {"angle": 0, "axis": "y", "origin": [12.2368, 7.9368, 9.44326]},
			"faces": {
				"north": {"uv": [0, 0, 16, 2], "texture": "#1_1"},
				"east": {"uv": [0, 0, 2, 2], "texture": "#1_1"},
				"south": {"uv": [0, 0, 16, 2], "texture": "#1_1"},
				"west": {"uv": [0, 0, 2, 2], "texture": "#1_1"},
				"up": {"uv": [0, 0, 16, 2], "texture": "#1_1"},
				"down": {"uv": [0, 0, 16, 2], "texture": "#1_1"}
			}
		},
		{
			"from": [12.2368, 14.5224, 10.44126],
			"to": [13.648, 15.4632, 16.42926],
			"rotation": {"angle": 0, "axis": "y", "origin": [12.2368, 7.9368, 9.44326]},
			"faces": {
				"north": {"uv": [0, 0, 2, 2], "texture": "#1_1"},
				"east": {"uv": [0, 0, 12, 2], "texture": "#1_1"},
				"south": {"uv": [0, 0, 2, 2], "texture": "#1_1"},
				"west": {"uv": [0, 0, 12, 2], "texture": "#1_1"},
				"up": {"uv": [0, 0, 2, 12], "texture": "#1_1"},
				"down": {"uv": [0, 0, 2, 12], "texture": "#1_1"}
			}
		},
		{
			"from": [12.2368, 8.8776, 16.42926],
			"to": [13.648, 14.5224, 17.42726],
			"rotation": {"angle": 0, "axis": "y", "origin": [12.2368, 7.9368, 9.44326]},
			"faces": {
				"north": {"uv": [3, 4, 5, 16], "texture": "#1_1"},
				"east": {"uv": [2, 2, 4, 14], "texture": "#1_1"},
				"south": {"uv": [5, 3, 7, 15], "texture": "#1_1"},
				"west": {"uv": [11, 0, 13, 12], "texture": "#1_1"},
				"up": {"uv": [0, 0, 2, 2], "texture": "#1_1"},
				"down": {"uv": [9, 7, 11, 9], "texture": "#1_1"}
			}
		},
		{
			"from": [18.8224, 8.8776, 9.44326],
			"to": [20.2336, 14.5224, 10.44126],
			"rotation": {"angle": 0, "axis": "y", "origin": [12.2368, 7.9368, 9.44326]},
			"faces": {
				"north": {"uv": [0, 0, 2, 12], "texture": "#1_1"},
				"east": {"uv": [9, 2, 11, 14], "texture": "#1_1"},
				"south": {"uv": [0, 0, 2, 12], "texture": "#1_1"},
				"west": {"uv": [7, 4, 9, 16], "texture": "#1_1"},
				"up": {"uv": [0, 0, 2, 2], "texture": "#1_1"},
				"down": {"uv": [0, 0, 2, 2], "texture": "#1_1"}
			}
		},
		{
			"from": [12.2368, 14.5224, 16.42926],
			"to": [20.2336, 15.4632, 17.42726],
			"rotation": {"angle": 0, "axis": "y", "origin": [12.2368, 7.9368, 9.44326]},
			"faces": {
				"north": {"uv": [0, 0, 16, 2], "texture": "#1_1"},
				"east": {"uv": [0, 0, 2, 2], "texture": "#1_1"},
				"south": {"uv": [0, 0, 16, 2], "texture": "#1_1"},
				"west": {"uv": [0, 0, 2, 2], "texture": "#1_1"},
				"up": {"uv": [0, 0, 16, 2], "texture": "#1_1"},
				"down": {"uv": [0, 0, 16, 2], "texture": "#1_1"}
			}
		},
		{
			"from": [18.8224, 8.8776, 16.42926],
			"to": [20.2336, 14.5224, 17.42726],
			"rotation": {"angle": 0, "axis": "y", "origin": [12.2368, 7.9368, 9.44326]},
			"faces": {
				"north": {"uv": [0, 0, 2, 12], "texture": "#1_1"},
				"east": {"uv": [7, 3, 9, 15], "texture": "#1_1"},
				"south": {"uv": [0, 0, 2, 12], "texture": "#1_1"},
				"west": {"uv": [0, 0, 2, 12], "texture": "#1_1"},
				"up": {"uv": [0, 0, 2, 2], "texture": "#1_1"},
				"down": {"uv": [0, 0, 2, 2], "texture": "#1_1"}
			}
		},
		{
			"from": [12.2368, 7.9368, 16.42926],
			"to": [20.2336, 8.8776, 17.42726],
			"rotation": {"angle": 0, "axis": "y", "origin": [12.2368, 7.9368, 9.44326]},
			"faces": {
				"north": {"uv": [0, 0, 16, 2], "texture": "#1_1"},
				"east": {"uv": [0, 0, 2, 2], "texture": "#1_1"},
				"south": {"uv": [0, 14, 16, 16], "texture": "#1_1"},
				"west": {"uv": [0, 0, 2, 2], "texture": "#1_1"},
				"up": {"uv": [0, 0, 16, 2], "texture": "#1_1"},
				"down": {"uv": [0, 0, 16, 2], "texture": "#1_1"}
			}
		},
		{
			"from": [18.8224, 7.9368, 10.44126],
			"to": [20.2336, 8.8776, 16.42926],
			"rotation": {"angle": 0, "axis": "y", "origin": [12.2368, 7.9368, 9.44326]},
			"faces": {
				"north": {"uv": [0, 0, 2, 2], "texture": "#1_1"},
				"east": {"uv": [0, 0, 12, 2], "texture": "#1_1"},
				"south": {"uv": [0, 0, 2, 2], "texture": "#1_1"},
				"west": {"uv": [0, 0, 12, 2], "texture": "#1_1"},
				"up": {"uv": [0, 0, 2, 12], "texture": "#1_1"},
				"down": {"uv": [0, 0, 2, 12], "texture": "#1_1"}
			}
		},
		{
			"from": [18.8224, 14.5224, 10.44126],
			"to": [20.2336, 15.4632, 16.42926],
			"rotation": {"angle": 0, "axis": "y", "origin": [12.2368, 7.9368, 9.44326]},
			"faces": {
				"north": {"uv": [0, 0, 2, 2], "texture": "#1_1"},
				"east": {"uv": [1, 7, 13, 9], "texture": "#1_1"},
				"south": {"uv": [0, 0, 2, 2], "texture": "#1_1"},
				"west": {"uv": [0, 0, 12, 2], "texture": "#1_1"},
				"up": {"uv": [0, 0, 2, 12], "texture": "#1_1"},
				"down": {"uv": [0, 0, 2, 12], "texture": "#1_1"}
			}
		},
		{
			"from": [12.33088, 7.36205, 13.04695],
			"to": [13.1776, 15.82925, 14.04495],
			"rotation": {"angle": 45, "axis": "x", "origin": [16, 11.7, 13.43526]},
			"faces": {
				"north": {"uv": [0, 0, 16, 0.8], "rotation": 270, "texture": "#1_1"},
				"east": {"uv": [0, 0, 16, 2], "rotation": 270, "texture": "#1_1"},
				"south": {"uv": [0, 0, 16, 0.8], "rotation": 270, "texture": "#1_1"},
				"west": {"uv": [0, 0, 16, 2], "rotation": 90, "texture": "#1_1"},
				"up": {"uv": [0, 0, 0.8, 2], "rotation": 180, "texture": "#1_1"},
				"down": {"uv": [0, 0, 0.8, 2], "texture": "#1_1"}
			}
		},
		{
			"from": [15.42525, 7.36205, 9.54306],
			"to": [16.83645, 15.82925, 9.94226],
			"rotation": {"angle": 45, "axis": "z", "origin": [16, 11.7, 13.43526]},
			"faces": {
				"north": {"uv": [0, 0, 16, 2], "rotation": 90, "texture": "#1_1"},
				"east": {"uv": [0, 0, 16, 0.8], "rotation": 270, "texture": "#1_1"},
				"south": {"uv": [0, 0, 16, 2], "rotation": 270, "texture": "#1_1"},
				"west": {"uv": [0, 0, 16, 0.8], "rotation": 270, "texture": "#1_1"},
				"up": {"uv": [0, 0, 0.8, 2], "rotation": 270, "texture": "#1_1"},
				"down": {"uv": [0, 0, 0.8, 2], "rotation": 270, "texture": "#1_1"}
			}
		},
		{
			"from": [11.87075, 8.12496, 13.04695],
			"to": [20.80835, 8.50128, 14.04495],
			"rotation": {"angle": 45, "axis": "y", "origin": [16, 11.7, 13.43526]},
			"faces": {
				"north": {"uv": [0, 0, 16, 0.8], "texture": "#1_1"},
				"east": {"uv": [0, 0, 0.8, 2], "rotation": 270, "texture": "#1_1"},
				"south": {"uv": [0, 0, 16, 0.8], "rotation": 180, "texture": "#1_1"},
				"west": {"uv": [0, 0, 0.8, 2], "rotation": 90, "texture": "#1_1"},
				"up": {"uv": [0, 0, 16, 2], "rotation": 180, "texture": "#1_1"},
				"down": {"uv": [0, 0, 16, 2], "texture": "#1_1"}
			}
		},
		{
			"from": [11.87075, 14.89872, 13.04695],
			"to": [20.80835, 15.32208, 14.04495],
			"rotation": {"angle": 45, "axis": "y", "origin": [16, 11.7, 13.43526]},
			"faces": {
				"north": {"uv": [0, 0, 16, 0.9], "texture": "#1_1"},
				"east": {"uv": [0, 0, 0.9, 2], "rotation": 270, "texture": "#1_1"},
				"south": {"uv": [0, 0, 16, 0.9], "rotation": 180, "texture": "#1_1"},
				"west": {"uv": [0, 0, 0.9, 2], "rotation": 90, "texture": "#1_1"},
				"up": {"uv": [0, 7, 16, 9], "rotation": 180, "texture": "#1_1"},
				"down": {"uv": [0, 0, 16, 2], "texture": "#1_1"}
			}
		},
		{
			"from": [19.24576, 7.36205, 13.04695],
			"to": [20.13952, 15.82925, 14.04495],
			"rotation": {"angle": -45, "axis": "x", "origin": [16, 11.7, 13.43526]},
			"faces": {
				"north": {"uv": [0, 0, 16, 0.9], "rotation": 270, "texture": "#1_1"},
				"east": {"uv": [0, 0, 16, 2], "rotation": 270, "texture": "#1_1"},
				"south": {"uv": [0, 0, 16, 0.9], "rotation": 270, "texture": "#1_1"},
				"west": {"uv": [0, 0, 16, 2], "rotation": 90, "texture": "#1_1"},
				"up": {"uv": [0, 0, 0.9, 2], "rotation": 180, "texture": "#1_1"},
				"down": {"uv": [0, 0, 0.9, 2], "texture": "#1_1"}
			}
		},
		{
			"from": [15.42525, 7.36205, 16.87836],
			"to": [16.83645, 15.82925, 17.32746],
			"rotation": {"angle": -45, "axis": "z", "origin": [16, 11.7, 13.43526]},
			"faces": {
				"north": {"uv": [0, 0, 16, 2], "rotation": 90, "texture": "#1_1"},
				"east": {"uv": [0, 0, 16, 0.9], "rotation": 270, "texture": "#1_1"},
				"south": {"uv": [0, 0, 16, 2], "rotation": 270, "texture": "#1_1"},
				"west": {"uv": [0, 0, 16, 0.9], "rotation": 270, "texture": "#1_1"},
				"up": {"uv": [0, 0, 0.9, 2], "rotation": 270, "texture": "#1_1"},
				"down": {"uv": [0, 0, 0.9, 2], "rotation": 270, "texture": "#1_1"}
			}
		},
		{
			"name": "hexadecagon",
			"from": [2.3, 4.00544, -1.4],
			"to": [3.3, 5.99456, -0.9],
			"rotation": {"angle": -45, "axis": "x", "origin": [2.8, 5, 3.6]},
			"faces": {
				"north": {"uv": [8, 12, 10, 15], "texture": "#1"},
				"east": {"uv": [0, 0, 1, 1], "texture": "#1"},
				"south": {"uv": [4, 4, 6, 7], "texture": "#1"},
				"west": {"uv": [2, 5, 5, 6], "rotation": 90, "texture": "#1"},
				"up": {"uv": [0, 0, 1, 1], "texture": "#1"},
				"down": {"uv": [0, 0, 1, 1], "texture": "#1"}
			}
		},
		{
			"name": "hexadecagon",
			"from": [2.3, 4.00544, -1.4],
			"to": [3.3, 5.99456, -0.9],
			"rotation": {"angle": -22.5, "axis": "x", "origin": [2.8, 5, 3.6]},
			"faces": {
				"north": {"uv": [10, 8, 12, 11], "texture": "#1"},
				"east": {"uv": [0, 0, 1, 1], "texture": "#1"},
				"south": {"uv": [4, 4, 6, 7], "texture": "#1"},
				"west": {"uv": [2, 5, 5, 6], "rotation": 90, "texture": "#1"},
				"up": {"uv": [0, 0, 1, 1], "texture": "#1"},
				"down": {"uv": [0, 0, 1, 1], "texture": "#1"}
			}
		},
		{
			"name": "hexadecagon",
			"from": [2.3, 4.00544, -1.4],
			"to": [3.3, 5.99456, -0.9],
			"rotation": {"angle": 0, "axis": "x", "origin": [2.8, 5, 3.6]},
			"faces": {
				"north": {"uv": [10, 8, 12, 11], "texture": "#1"},
				"east": {"uv": [0, 0, 1, 1], "texture": "#1"},
				"south": {"uv": [4, 4, 6, 7], "texture": "#1"},
				"west": {"uv": [2, 5, 5, 6], "rotation": 90, "texture": "#1"},
				"up": {"uv": [0, 0, 1, 1], "texture": "#1"},
				"down": {"uv": [0, 0, 1, 1], "texture": "#1"}
			}
		},
		{
			"name": "hexadecagon",
			"from": [2.3, 4.00544, -1.4],
			"to": [3.3, 5.99456, -0.9],
			"rotation": {"angle": 22.5, "axis": "x", "origin": [2.8, 5, 3.6]},
			"faces": {
				"north": {"uv": [10, 8, 12, 11], "texture": "#1"},
				"east": {"uv": [0, 0, 1, 1], "texture": "#1"},
				"south": {"uv": [4, 4, 6, 7], "texture": "#1"},
				"west": {"uv": [2, 5, 5, 6], "rotation": 90, "texture": "#1"},
				"up": {"uv": [0, 0, 1, 1], "texture": "#1"},
				"down": {"uv": [0, 0, 1, 1], "texture": "#1"}
			}
		},
		{
			"name": "hexadecagon",
			"from": [2.3, 4.00544, -1.4],
			"to": [3.3, 5.99456, -0.9],
			"rotation": {"angle": 45, "axis": "x", "origin": [2.8, 5, 3.6]},
			"faces": {
				"north": {"uv": [8, 12, 10, 15], "texture": "#1"},
				"east": {"uv": [0, 0, 1, 1], "texture": "#1"},
				"south": {"uv": [4, 4, 6, 7], "texture": "#1"},
				"west": {"uv": [2, 5, 5, 6], "rotation": 90, "texture": "#1"},
				"up": {"uv": [0, 0, 1, 1], "texture": "#1"},
				"down": {"uv": [0, 0, 1, 1], "texture": "#1"}
			}
		},
		{
			"name": "hexadecagon",
			"from": [2.3, 4.00544, 8.1],
			"to": [3.3, 5.99456, 8.6],
			"rotation": {"angle": -45, "axis": "x", "origin": [2.8, 5, 3.6]},
			"faces": {
				"north": {"uv": [4, 4, 6, 7], "texture": "#1"},
				"east": {"uv": [0, 0, 1, 1], "texture": "#1"},
				"south": {"uv": [8, 12, 10, 15], "texture": "#1"},
				"west": {"uv": [2, 5, 5, 6], "rotation": 90, "texture": "#1"},
				"up": {"uv": [0, 0, 1, 1], "texture": "#1"},
				"down": {"uv": [0, 0, 1, 1], "texture": "#1"}
			}
		},
		{
			"name": "hexadecagon",
			"from": [2.3, 4.00544, 8.1],
			"to": [3.3, 5.99456, 8.6],
			"rotation": {"angle": -22.5, "axis": "x", "origin": [2.8, 5, 3.6]},
			"faces": {
				"north": {"uv": [4, 4, 6, 7], "texture": "#1"},
				"east": {"uv": [0, 0, 1, 1], "texture": "#1"},
				"south": {"uv": [10, 8, 12, 11], "texture": "#1"},
				"west": {"uv": [2, 5, 5, 6], "rotation": 90, "texture": "#1"},
				"up": {"uv": [0, 0, 1, 1], "texture": "#1"},
				"down": {"uv": [0, 0, 1, 1], "texture": "#1"}
			}
		},
		{
			"name": "hexadecagon",
			"from": [2.3, 4.00544, 8.1],
			"to": [3.3, 5.99456, 8.6],
			"rotation": {"angle": 0, "axis": "x", "origin": [2.8, 5, 3.6]},
			"faces": {
				"north": {"uv": [4, 4, 6, 7], "texture": "#1"},
				"east": {"uv": [0, 0, 1, 1], "texture": "#1"},
				"south": {"uv": [8, 12, 10, 15], "texture": "#1"},
				"west": {"uv": [2, 5, 5, 6], "rotation": 90, "texture": "#1"},
				"up": {"uv": [0, 0, 1, 1], "texture": "#1"},
				"down": {"uv": [0, 0, 1, 1], "texture": "#1"}
			}
		},
		{
			"name": "hexadecagon",
			"from": [2.3, 4.00544, 8.1],
			"to": [3.3, 5.99456, 8.6],
			"rotation": {"angle": 22.5, "axis": "x", "origin": [2.8, 5, 3.6]},
			"faces": {
				"north": {"uv": [4, 4, 6, 7], "texture": "#1"},
				"east": {"uv": [0, 0, 1, 1], "texture": "#1"},
				"south": {"uv": [10, 8, 12, 11], "texture": "#1"},
				"west": {"uv": [2, 5, 5, 6], "rotation": 90, "texture": "#1"},
				"up": {"uv": [0, 0, 1, 1], "texture": "#1"},
				"down": {"uv": [0, 0, 1, 1], "texture": "#1"}
			}
		},
		{
			"name": "hexadecagon",
			"from": [2.3, 4.00544, 8.1],
			"to": [3.3, 5.99456, 8.6],
			"rotation": {"angle": 45, "axis": "x", "origin": [2.8, 5, 3.6]},
			"faces": {
				"north": {"uv": [4, 4, 6, 7], "texture": "#1"},
				"east": {"uv": [0, 0, 1, 1], "texture": "#1"},
				"south": {"uv": [8, 12, 10, 15], "texture": "#1"},
				"west": {"uv": [2, 5, 5, 6], "rotation": 90, "texture": "#1"},
				"up": {"uv": [0, 0, 1, 1], "texture": "#1"},
				"down": {"uv": [0, 0, 1, 1], "texture": "#1"}
			}
		},
		{
			"name": "hexadecagon",
			"from": [2.3, 0, 2.60544],
			"to": [3.3, 0.5, 4.59456],
			"rotation": {"angle": -22.5, "axis": "x", "origin": [2.8, 5, 3.6]},
			"faces": {
				"north": {"uv": [2, 1, 3, 2], "texture": "#1"},
				"east": {"uv": [0, 0, 1, 1], "texture": "#1"},
				"south": {"uv": [0, 0, 1, 1], "texture": "#1"},
				"west": {"uv": [2, 5, 5, 6], "texture": "#1"},
				"up": {"uv": [4, 4, 6, 7], "texture": "#1"},
				"down": {"uv": [10, 8, 12, 11], "texture": "#1"}
			}
		},
		{
			"name": "hexadecagon",
			"from": [2.3, 0, 2.60544],
			"to": [3.3, 0.5, 4.59456],
			"rotation": {"angle": 0, "axis": "x", "origin": [2.8, 5, 3.6]},
			"faces": {
				"north": {"uv": [2, 1, 3, 2], "texture": "#1"},
				"east": {"uv": [0, 0, 1, 1], "texture": "#1"},
				"south": {"uv": [0, 0, 1, 1], "texture": "#1"},
				"west": {"uv": [2, 5, 5, 6], "texture": "#1"},
				"up": {"uv": [4, 4, 6, 7], "texture": "#1"},
				"down": {"uv": [10, 8, 12, 11], "texture": "#1"}
			}
		},
		{
			"name": "hexadecagon",
			"from": [2.3, 0, 2.60544],
			"to": [3.3, 0.5, 4.59456],
			"rotation": {"angle": 22.5, "axis": "x", "origin": [2.8, 5, 3.6]},
			"faces": {
				"north": {"uv": [2, 1, 3, 2], "texture": "#1"},
				"east": {"uv": [0, 0, 1, 1], "texture": "#1"},
				"south": {"uv": [0, 0, 1, 1], "texture": "#1"},
				"west": {"uv": [2, 5, 5, 6], "texture": "#1"},
				"up": {"uv": [4, 4, 6, 7], "texture": "#1"},
				"down": {"uv": [8, 12, 10, 15], "texture": "#1"}
			}
		},
		{
			"name": "hexadecagon",
			"from": [2.3, 9.5, 2.60544],
			"to": [3.3, 10, 4.59456],
			"rotation": {"angle": -22.5, "axis": "x", "origin": [2.8, 5, 3.6]},
			"faces": {
				"north": {"uv": [2, 1, 3, 2], "texture": "#1"},
				"east": {"uv": [0, 0, 1, 1], "texture": "#1"},
				"south": {"uv": [0, 0, 1, 1], "texture": "#1"},
				"west": {"uv": [2, 5, 5, 6], "texture": "#1"},
				"up": {"uv": [8, 12, 10, 15], "texture": "#1"},
				"down": {"uv": [4, 4, 6, 7], "texture": "#1"}
			}
		},
		{
			"name": "hexadecagon",
			"from": [2.3, 9.5, 2.60544],
			"to": [3.3, 10, 4.59456],
			"rotation": {"angle": 0, "axis": "x", "origin": [2.8, 5, 3.6]},
			"faces": {
				"north": {"uv": [2, 1, 3, 2], "texture": "#1"},
				"east": {"uv": [0, 0, 1, 1], "texture": "#1"},
				"south": {"uv": [0, 0, 1, 1], "texture": "#1"},
				"west": {"uv": [2, 5, 5, 6], "texture": "#1"},
				"up": {"uv": [10, 8, 12, 11], "texture": "#1"},
				"down": {"uv": [4, 4, 6, 7], "texture": "#1"}
			}
		},
		{
			"name": "hexadecagon",
			"from": [2.3, 9.5, 2.60544],
			"to": [3.3, 10, 4.59456],
			"rotation": {"angle": 22.5, "axis": "x", "origin": [2.8, 5, 3.6]},
			"faces": {
				"north": {"uv": [2, 1, 3, 2], "texture": "#1"},
				"east": {"uv": [0, 0, 1, 1], "texture": "#1"},
				"south": {"uv": [0, 0, 1, 1], "texture": "#1"},
				"west": {"uv": [2, 5, 5, 6], "texture": "#1"},
				"up": {"uv": [8, 12, 10, 15], "texture": "#1"},
				"down": {"uv": [4, 4, 6, 7], "texture": "#1"}
			}
		},
		{
			"from": [2.52333, 4.71045, -1.30884],
			"to": [3.02333, 5.21045, 3.29116],
			"rotation": {"angle": 0, "axis": "y", "origin": [11.97, 6.16931, 2.65888]},
			"faces": {
				"north": {"uv": [2, 1, 3, 2], "texture": "#1"},
				"east": {"uv": [6, 0, 16, 1], "texture": "#1"},
				"south": {"uv": [1, 0, 2, 1], "texture": "#1"},
				"west": {"uv": [6, 0, 16, 1], "texture": "#1"},
				"up": {"uv": [1, 0, 2, 10], "texture": "#1"},
				"down": {"uv": [1, 0, 2, 10], "texture": "#1"}
			}
		},
		{
			"from": [2.52333, 5.68839, -0.63023],
			"to": [3.02333, 6.18839, 4.36977],
			"rotation": {"angle": 45, "axis": "x", "origin": [11.97, 6.16931, 2.65888]},
			"faces": {
				"north": {"uv": [2, 1, 3, 2], "texture": "#1"},
				"east": {"uv": [6, 0, 16, 1], "texture": "#1"},
				"south": {"uv": [1, 0, 2, 1], "texture": "#1"},
				"west": {"uv": [6, 0, 16, 1], "texture": "#1"},
				"up": {"uv": [1, 0, 2, 10], "texture": "#1"},
				"down": {"uv": [1, 0, 2, 10], "texture": "#1"}
			}
		},
		{
			"from": [2.52333, 5.21045, 3.19116],
			"to": [3.02333, 9.71045, 3.69116],
			"rotation": {"angle": 0, "axis": "y", "origin": [11.97, 6.16931, 2.55888]},
			"faces": {
				"north": {"uv": [2, 1, 3, 2], "texture": "#1"},
				"east": {"uv": [1, 0, 2, 9], "texture": "#1"},
				"south": {"uv": [1, 0, 2, 9], "texture": "#1"},
				"west": {"uv": [1, 0, 2, 9], "texture": "#1"},
				"up": {"uv": [1, 0, 2, 1], "texture": "#1"},
				"down": {"uv": [1, 0, 2, 1], "texture": "#1"}
			}
		},
		{
			"from": [2.52333, 4.44065, 2.30283],
			"to": [3.02333, 4.94065, 6.80283],
			"rotation": {"angle": -45, "axis": "x", "origin": [11.97, 6.16931, 2.55888]},
			"faces": {
				"north": {"uv": [2, 1, 3, 2], "texture": "#1"},
				"east": {"uv": [7, 0, 16, 1], "texture": "#1"},
				"south": {"uv": [1, 0, 2, 1], "texture": "#1"},
				"west": {"uv": [7, 0, 16, 1], "texture": "#1"},
				"up": {"uv": [1, 0, 2, 9], "texture": "#1"},
				"down": {"uv": [1, 0, 2, 9], "texture": "#1"}
			}
		},
		{
			"from": [2.52333, 4.44065, -2.44691],
			"to": [3.02333, 4.94065, 2.35309],
			"rotation": {"angle": -45, "axis": "x", "origin": [11.97, 6.16931, 2.55888]},
			"faces": {
				"north": {"uv": [2, 1, 3, 2], "texture": "#1"},
				"east": {"uv": [6, 0, 16, 1], "texture": "#1"},
				"south": {"uv": [1, 0, 2, 1], "texture": "#1"},
				"west": {"uv": [6, 0, 16, 1], "texture": "#1"},
				"up": {"uv": [1, 0, 2, 10], "texture": "#1"},
				"down": {"uv": [1, 0, 2, 10], "texture": "#1"}
			}
		},
		{
			"from": [2.52333, 0.21045, 3.19116],
			"to": [3.02333, 4.71045, 3.69116],
			"rotation": {"angle": 0, "axis": "y", "origin": [11.97, 6.16931, 2.55888]},
			"faces": {
				"north": {"uv": [2, 1, 3, 2], "texture": "#1"},
				"east": {"uv": [1, 0, 2, 9], "texture": "#1"},
				"south": {"uv": [1, 0, 2, 9], "texture": "#1"},
				"west": {"uv": [1, 0, 2, 9], "texture": "#1"},
				"up": {"uv": [1, 0, 2, 1], "texture": "#1"},
				"down": {"uv": [1, 0, 2, 1], "texture": "#1"}
			}
		},
		{
			"from": [2.52333, 5.68839, 4.21952],
			"to": [3.02333, 6.18839, 8.71952],
			"rotation": {"angle": 45, "axis": "x", "origin": [11.97, 6.16931, 2.55888]},
			"faces": {
				"north": {"uv": [2, 1, 3, 2], "texture": "#1"},
				"east": {"uv": [7, 0, 16, 1], "texture": "#1"},
				"south": {"uv": [1, 0, 2, 1], "texture": "#1"},
				"west": {"uv": [7, 0, 16, 1], "texture": "#1"},
				"up": {"uv": [1, 0, 2, 9], "texture": "#1"},
				"down": {"uv": [1, 0, 2, 9], "texture": "#1"}
			}
		},
		{
			"from": [2.52333, 4.71045, 3.69116],
			"to": [3.02333, 5.21045, 8.19116],
			"rotation": {"angle": 0, "axis": "y", "origin": [11.97, 6.16931, 2.55888]},
			"faces": {
				"north": {"uv": [2, 1, 3, 2], "texture": "#1"},
				"east": {"uv": [7, 0, 16, 1], "texture": "#1"},
				"south": {"uv": [1, 0, 2, 1], "texture": "#1"},
				"west": {"uv": [7, 0, 16, 1], "texture": "#1"},
				"up": {"uv": [1, 0, 2, 9], "texture": "#1"},
				"down": {"uv": [1, 0, 2, 9], "texture": "#1"}
			}
		},
		{
			"name": "hexadecagon",
			"from": [21.2, 4.00544, -1.4],
			"to": [22.2, 5.99456, -0.9],
			"rotation": {"angle": -45, "axis": "x", "origin": [21.7, 5, 3.6]},
			"faces": {
				"north": {"uv": [10, 12, 8, 15], "texture": "#1"},
				"east": {"uv": [2, 6, 5, 5], "rotation": 90, "texture": "#1"},
				"south": {"uv": [6, 4, 4, 7], "texture": "#1"},
				"west": {"uv": [1, 0, 0, 1], "texture": "#1"},
				"up": {"uv": [1, 0, 0, 1], "texture": "#1"},
				"down": {"uv": [1, 0, 0, 1], "texture": "#1"}
			}
		},
		{
			"name": "hexadecagon",
			"from": [21.2, 4.00544, -1.4],
			"to": [22.2, 5.99456, -0.9],
			"rotation": {"angle": -22.5, "axis": "x", "origin": [21.7, 5, 3.6]},
			"faces": {
				"north": {"uv": [12, 8, 10, 11], "texture": "#1"},
				"east": {"uv": [2, 6, 5, 5], "rotation": 90, "texture": "#1"},
				"south": {"uv": [6, 4, 4, 7], "texture": "#1"},
				"west": {"uv": [1, 0, 0, 1], "texture": "#1"},
				"up": {"uv": [1, 0, 0, 1], "texture": "#1"},
				"down": {"uv": [1, 0, 0, 1], "texture": "#1"}
			}
		},
		{
			"name": "hexadecagon",
			"from": [21.2, 4.00544, -1.4],
			"to": [22.2, 5.99456, -0.9],
			"rotation": {"angle": 0, "axis": "x", "origin": [21.7, 5, 3.6]},
			"faces": {
				"north": {"uv": [12, 8, 10, 11], "texture": "#1"},
				"east": {"uv": [2, 6, 5, 5], "rotation": 90, "texture": "#1"},
				"south": {"uv": [6, 4, 4, 7], "texture": "#1"},
				"west": {"uv": [1, 0, 0, 1], "texture": "#1"},
				"up": {"uv": [1, 0, 0, 1], "texture": "#1"},
				"down": {"uv": [1, 0, 0, 1], "texture": "#1"}
			}
		},
		{
			"name": "hexadecagon",
			"from": [21.2, 4.00544, -1.4],
			"to": [22.2, 5.99456, -0.9],
			"rotation": {"angle": 22.5, "axis": "x", "origin": [21.7, 5, 3.6]},
			"faces": {
				"north": {"uv": [12, 8, 10, 11], "texture": "#1"},
				"east": {"uv": [2, 6, 5, 5], "rotation": 90, "texture": "#1"},
				"south": {"uv": [6, 4, 4, 7], "texture": "#1"},
				"west": {"uv": [1, 0, 0, 1], "texture": "#1"},
				"up": {"uv": [1, 0, 0, 1], "texture": "#1"},
				"down": {"uv": [1, 0, 0, 1], "texture": "#1"}
			}
		},
		{
			"name": "hexadecagon",
			"from": [21.2, 4.00544, -1.4],
			"to": [22.2, 5.99456, -0.9],
			"rotation": {"angle": 45, "axis": "x", "origin": [21.7, 5, 3.6]},
			"faces": {
				"north": {"uv": [10, 12, 8, 15], "texture": "#1"},
				"east": {"uv": [2, 6, 5, 5], "rotation": 90, "texture": "#1"},
				"south": {"uv": [6, 4, 4, 7], "texture": "#1"},
				"west": {"uv": [1, 0, 0, 1], "texture": "#1"},
				"up": {"uv": [1, 0, 0, 1], "texture": "#1"},
				"down": {"uv": [1, 0, 0, 1], "texture": "#1"}
			}
		},
		{
			"name": "hexadecagon",
			"from": [21.2, 4.00544, 8.1],
			"to": [22.2, 5.99456, 8.6],
			"rotation": {"angle": -45, "axis": "x", "origin": [21.7, 5, 3.6]},
			"faces": {
				"north": {"uv": [6, 4, 4, 7], "texture": "#1"},
				"east": {"uv": [2, 6, 5, 5], "rotation": 90, "texture": "#1"},
				"south": {"uv": [10, 12, 8, 15], "texture": "#1"},
				"west": {"uv": [1, 0, 0, 1], "texture": "#1"},
				"up": {"uv": [1, 0, 0, 1], "texture": "#1"},
				"down": {"uv": [1, 0, 0, 1], "texture": "#1"}
			}
		},
		{
			"name": "hexadecagon",
			"from": [21.2, 4.00544, 8.1],
			"to": [22.2, 5.99456, 8.6],
			"rotation": {"angle": -22.5, "axis": "x", "origin": [21.7, 5, 3.6]},
			"faces": {
				"north": {"uv": [6, 4, 4, 7], "texture": "#1"},
				"east": {"uv": [2, 6, 5, 5], "rotation": 90, "texture": "#1"},
				"south": {"uv": [12, 8, 10, 11], "texture": "#1"},
				"west": {"uv": [1, 0, 0, 1], "texture": "#1"},
				"up": {"uv": [1, 0, 0, 1], "texture": "#1"},
				"down": {"uv": [1, 0, 0, 1], "texture": "#1"}
			}
		},
		{
			"name": "hexadecagon",
			"from": [21.2, 4.00544, 8.1],
			"to": [22.2, 5.99456, 8.6],
			"rotation": {"angle": 0, "axis": "x", "origin": [21.7, 5, 3.6]},
			"faces": {
				"north": {"uv": [6, 4, 4, 7], "texture": "#1"},
				"east": {"uv": [2, 6, 5, 5], "rotation": 90, "texture": "#1"},
				"south": {"uv": [10, 12, 8, 15], "texture": "#1"},
				"west": {"uv": [1, 0, 0, 1], "texture": "#1"},
				"up": {"uv": [1, 0, 0, 1], "texture": "#1"},
				"down": {"uv": [1, 0, 0, 1], "texture": "#1"}
			}
		},
		{
			"name": "hexadecagon",
			"from": [21.2, 4.00544, 8.1],
			"to": [22.2, 5.99456, 8.6],
			"rotation": {"angle": 22.5, "axis": "x", "origin": [21.7, 5, 3.6]},
			"faces": {
				"north": {"uv": [6, 4, 4, 7], "texture": "#1"},
				"east": {"uv": [2, 6, 5, 5], "rotation": 90, "texture": "#1"},
				"south": {"uv": [12, 8, 10, 11], "texture": "#1"},
				"west": {"uv": [1, 0, 0, 1], "texture": "#1"},
				"up": {"uv": [1, 0, 0, 1], "texture": "#1"},
				"down": {"uv": [1, 0, 0, 1], "texture": "#1"}
			}
		},
		{
			"name": "hexadecagon",
			"from": [21.2, 4.00544, 8.1],
			"to": [22.2, 5.99456, 8.6],
			"rotation": {"angle": 45, "axis": "x", "origin": [21.7, 5, 3.6]},
			"faces": {
				"north": {"uv": [6, 4, 4, 7], "texture": "#1"},
				"east": {"uv": [2, 6, 5, 5], "rotation": 90, "texture": "#1"},
				"south": {"uv": [10, 12, 8, 15], "texture": "#1"},
				"west": {"uv": [1, 0, 0, 1], "texture": "#1"},
				"up": {"uv": [1, 0, 0, 1], "texture": "#1"},
				"down": {"uv": [1, 0, 0, 1], "texture": "#1"}
			}
		},
		{
			"name": "hexadecagon",
			"from": [21.2, 0, 2.60544],
			"to": [22.2, 0.5, 4.59456],
			"rotation": {"angle": -22.5, "axis": "x", "origin": [21.7, 5, 3.6]},
			"faces": {
				"north": {"uv": [3, 1, 2, 2], "texture": "#1"},
				"east": {"uv": [5, 5, 2, 6], "texture": "#1"},
				"south": {"uv": [1, 0, 0, 1], "texture": "#1"},
				"west": {"uv": [1, 0, 0, 1], "texture": "#1"},
				"up": {"uv": [6, 4, 4, 7], "texture": "#1"},
				"down": {"uv": [12, 8, 10, 11], "texture": "#1"}
			}
		},
		{
			"name": "hexadecagon",
			"from": [21.2, 0, 2.60544],
			"to": [22.2, 0.5, 4.59456],
			"rotation": {"angle": 0, "axis": "x", "origin": [21.7, 5, 3.6]},
			"faces": {
				"north": {"uv": [3, 1, 2, 2], "texture": "#1"},
				"east": {"uv": [5, 5, 2, 6], "texture": "#1"},
				"south": {"uv": [1, 0, 0, 1], "texture": "#1"},
				"west": {"uv": [1, 0, 0, 1], "texture": "#1"},
				"up": {"uv": [6, 4, 4, 7], "texture": "#1"},
				"down": {"uv": [12, 8, 10, 11], "texture": "#1"}
			}
		},
		{
			"name": "hexadecagon",
			"from": [21.2, 0, 2.60544],
			"to": [22.2, 0.5, 4.59456],
			"rotation": {"angle": 22.5, "axis": "x", "origin": [21.7, 5, 3.6]},
			"faces": {
				"north": {"uv": [3, 1, 2, 2], "texture": "#1"},
				"east": {"uv": [5, 5, 2, 6], "texture": "#1"},
				"south": {"uv": [1, 0, 0, 1], "texture": "#1"},
				"west": {"uv": [1, 0, 0, 1], "texture": "#1"},
				"up": {"uv": [6, 4, 4, 7], "texture": "#1"},
				"down": {"uv": [10, 12, 8, 15], "texture": "#1"}
			}
		},
		{
			"name": "hexadecagon",
			"from": [21.2, 9.5, 2.60544],
			"to": [22.2, 10, 4.59456],
			"rotation": {"angle": -22.5, "axis": "x", "origin": [21.7, 5, 3.6]},
			"faces": {
				"north": {"uv": [3, 1, 2, 2], "texture": "#1"},
				"east": {"uv": [5, 5, 2, 6], "texture": "#1"},
				"south": {"uv": [1, 0, 0, 1], "texture": "#1"},
				"west": {"uv": [1, 0, 0, 1], "texture": "#1"},
				"up": {"uv": [10, 12, 8, 15], "texture": "#1"},
				"down": {"uv": [6, 4, 4, 7], "texture": "#1"}
			}
		},
		{
			"name": "hexadecagon",
			"from": [21.2, 9.5, 2.60544],
			"to": [22.2, 10, 4.59456],
			"rotation": {"angle": 0, "axis": "x", "origin": [21.7, 5, 3.6]},
			"faces": {
				"north": {"uv": [3, 1, 2, 2], "texture": "#1"},
				"east": {"uv": [5, 5, 2, 6], "texture": "#1"},
				"south": {"uv": [1, 0, 0, 1], "texture": "#1"},
				"west": {"uv": [1, 0, 0, 1], "texture": "#1"},
				"up": {"uv": [12, 8, 10, 11], "texture": "#1"},
				"down": {"uv": [6, 4, 4, 7], "texture": "#1"}
			}
		},
		{
			"name": "hexadecagon",
			"from": [21.2, 9.5, 2.60544],
			"to": [22.2, 10, 4.59456],
			"rotation": {"angle": 22.5, "axis": "x", "origin": [21.7, 5, 3.6]},
			"faces": {
				"north": {"uv": [3, 1, 2, 2], "texture": "#1"},
				"east": {"uv": [5, 5, 2, 6], "texture": "#1"},
				"south": {"uv": [1, 0, 0, 1], "texture": "#1"},
				"west": {"uv": [1, 0, 0, 1], "texture": "#1"},
				"up": {"uv": [10, 12, 8, 15], "texture": "#1"},
				"down": {"uv": [6, 4, 4, 7], "texture": "#1"}
			}
		},
		{
			"from": [21.47667, 4.71045, -1.30884],
			"to": [21.97667, 5.21045, 3.29116],
			"rotation": {"angle": 0, "axis": "y", "origin": [12.53, 6.16931, 2.65888]},
			"faces": {
				"north": {"uv": [3, 1, 2, 2], "texture": "#1"},
				"east": {"uv": [16, 0, 6, 1], "texture": "#1"},
				"south": {"uv": [2, 0, 1, 1], "texture": "#1"},
				"west": {"uv": [16, 0, 6, 1], "texture": "#1"},
				"up": {"uv": [2, 0, 1, 10], "texture": "#1"},
				"down": {"uv": [2, 0, 1, 10], "texture": "#1"}
			}
		},
		{
			"from": [21.47667, 5.68839, -0.63023],
			"to": [21.97667, 6.18839, 4.36977],
			"rotation": {"angle": 45, "axis": "x", "origin": [12.53, 6.16931, 2.65888]},
			"faces": {
				"north": {"uv": [3, 1, 2, 2], "texture": "#1"},
				"east": {"uv": [16, 0, 6, 1], "texture": "#1"},
				"south": {"uv": [2, 0, 1, 1], "texture": "#1"},
				"west": {"uv": [16, 0, 6, 1], "texture": "#1"},
				"up": {"uv": [2, 0, 1, 10], "texture": "#1"},
				"down": {"uv": [2, 0, 1, 10], "texture": "#1"}
			}
		},
		{
			"from": [21.47667, 5.21045, 3.19116],
			"to": [21.97667, 9.71045, 3.69116],
			"rotation": {"angle": 0, "axis": "y", "origin": [12.53, 6.16931, 2.55888]},
			"faces": {
				"north": {"uv": [3, 1, 2, 2], "texture": "#1"},
				"east": {"uv": [2, 0, 1, 9], "texture": "#1"},
				"south": {"uv": [2, 0, 1, 9], "texture": "#1"},
				"west": {"uv": [2, 0, 1, 9], "texture": "#1"},
				"up": {"uv": [2, 0, 1, 1], "texture": "#1"},
				"down": {"uv": [2, 0, 1, 1], "texture": "#1"}
			}
		},
		{
			"from": [21.47667, 4.44065, 2.30283],
			"to": [21.97667, 4.94065, 6.80283],
			"rotation": {"angle": -45, "axis": "x", "origin": [12.53, 6.16931, 2.55888]},
			"faces": {
				"north": {"uv": [3, 1, 2, 2], "texture": "#1"},
				"east": {"uv": [16, 0, 7, 1], "texture": "#1"},
				"south": {"uv": [2, 0, 1, 1], "texture": "#1"},
				"west": {"uv": [16, 0, 7, 1], "texture": "#1"},
				"up": {"uv": [2, 0, 1, 9], "texture": "#1"},
				"down": {"uv": [2, 0, 1, 9], "texture": "#1"}
			}
		},
		{
			"from": [21.47667, 4.44065, -2.44691],
			"to": [21.97667, 4.94065, 2.35309],
			"rotation": {"angle": -45, "axis": "x", "origin": [12.53, 6.16931, 2.55888]},
			"faces": {
				"north": {"uv": [3, 1, 2, 2], "texture": "#1"},
				"east": {"uv": [16, 0, 6, 1], "texture": "#1"},
				"south": {"uv": [2, 0, 1, 1], "texture": "#1"},
				"west": {"uv": [16, 0, 6, 1], "texture": "#1"},
				"up": {"uv": [2, 0, 1, 10], "texture": "#1"},
				"down": {"uv": [2, 0, 1, 10], "texture": "#1"}
			}
		},
		{
			"from": [21.47667, 0.21045, 3.19116],
			"to": [21.97667, 4.71045, 3.69116],
			"rotation": {"angle": 0, "axis": "y", "origin": [12.53, 6.16931, 2.55888]},
			"faces": {
				"north": {"uv": [3, 1, 2, 2], "texture": "#1"},
				"east": {"uv": [2, 0, 1, 9], "texture": "#1"},
				"south": {"uv": [2, 0, 1, 9], "texture": "#1"},
				"west": {"uv": [2, 0, 1, 9], "texture": "#1"},
				"up": {"uv": [2, 0, 1, 1], "texture": "#1"},
				"down": {"uv": [2, 0, 1, 1], "texture": "#1"}
			}
		},
		{
			"from": [21.47667, 5.68839, 4.21952],
			"to": [21.97667, 6.18839, 8.71952],
			"rotation": {"angle": 45, "axis": "x", "origin": [12.53, 6.16931, 2.55888]},
			"faces": {
				"north": {"uv": [3, 1, 2, 2], "texture": "#1"},
				"east": {"uv": [16, 0, 7, 1], "texture": "#1"},
				"south": {"uv": [2, 0, 1, 1], "texture": "#1"},
				"west": {"uv": [16, 0, 7, 1], "texture": "#1"},
				"up": {"uv": [2, 0, 1, 9], "texture": "#1"},
				"down": {"uv": [2, 0, 1, 9], "texture": "#1"}
			}
		},
		{
			"from": [21.47667, 4.71045, 3.69116],
			"to": [21.97667, 5.21045, 8.19116],
			"rotation": {"angle": 0, "axis": "y", "origin": [12.53, 6.16931, 2.55888]},
			"faces": {
				"north": {"uv": [3, 1, 2, 2], "texture": "#1"},
				"east": {"uv": [16, 0, 7, 1], "texture": "#1"},
				"south": {"uv": [2, 0, 1, 1], "texture": "#1"},
				"west": {"uv": [16, 0, 7, 1], "texture": "#1"},
				"up": {"uv": [2, 0, 1, 9], "texture": "#1"},
				"down": {"uv": [2, 0, 1, 9], "texture": "#1"}
			}
		},
		{
			"name": "hexadecagon",
			"from": [2.3, 4.00544, 20.6],
			"to": [3.3, 5.99456, 21.1],
			"rotation": {"angle": -45, "axis": "x", "origin": [2.8, 5, 25.6]},
			"faces": {
				"north": {"uv": [8, 12, 10, 15], "texture": "#1"},
				"east": {"uv": [0, 0, 1, 1], "texture": "#1"},
				"south": {"uv": [4, 4, 6, 7], "texture": "#1"},
				"west": {"uv": [2, 5, 5, 6], "rotation": 90, "texture": "#1"},
				"up": {"uv": [0, 0, 1, 1], "texture": "#1"},
				"down": {"uv": [0, 0, 1, 1], "texture": "#1"}
			}
		},
		{
			"name": "hexadecagon",
			"from": [2.3, 4.00544, 20.6],
			"to": [3.3, 5.99456, 21.1],
			"rotation": {"angle": -22.5, "axis": "x", "origin": [2.8, 5, 25.6]},
			"faces": {
				"north": {"uv": [10, 8, 12, 11], "texture": "#1"},
				"east": {"uv": [0, 0, 1, 1], "texture": "#1"},
				"south": {"uv": [4, 4, 6, 7], "texture": "#1"},
				"west": {"uv": [2, 5, 5, 6], "rotation": 90, "texture": "#1"},
				"up": {"uv": [0, 0, 1, 1], "texture": "#1"},
				"down": {"uv": [0, 0, 1, 1], "texture": "#1"}
			}
		},
		{
			"name": "hexadecagon",
			"from": [2.3, 4.00544, 20.6],
			"to": [3.3, 5.99456, 21.1],
			"rotation": {"angle": 0, "axis": "x", "origin": [2.8, 5, 25.6]},
			"faces": {
				"north": {"uv": [10, 8, 12, 11], "texture": "#1"},
				"east": {"uv": [0, 0, 1, 1], "texture": "#1"},
				"south": {"uv": [4, 4, 6, 7], "texture": "#1"},
				"west": {"uv": [2, 5, 5, 6], "rotation": 90, "texture": "#1"},
				"up": {"uv": [0, 0, 1, 1], "texture": "#1"},
				"down": {"uv": [0, 0, 1, 1], "texture": "#1"}
			}
		},
		{
			"name": "hexadecagon",
			"from": [2.3, 4.00544, 20.6],
			"to": [3.3, 5.99456, 21.1],
			"rotation": {"angle": 22.5, "axis": "x", "origin": [2.8, 5, 25.6]},
			"faces": {
				"north": {"uv": [10, 8, 12, 11], "texture": "#1"},
				"east": {"uv": [0, 0, 1, 1], "texture": "#1"},
				"south": {"uv": [4, 4, 6, 7], "texture": "#1"},
				"west": {"uv": [2, 5, 5, 6], "rotation": 90, "texture": "#1"},
				"up": {"uv": [0, 0, 1, 1], "texture": "#1"},
				"down": {"uv": [0, 0, 1, 1], "texture": "#1"}
			}
		},
		{
			"name": "hexadecagon",
			"from": [2.3, 4.00544, 20.6],
			"to": [3.3, 5.99456, 21.1],
			"rotation": {"angle": 45, "axis": "x", "origin": [2.8, 5, 25.6]},
			"faces": {
				"north": {"uv": [8, 12, 10, 15], "texture": "#1"},
				"east": {"uv": [0, 0, 1, 1], "texture": "#1"},
				"south": {"uv": [4, 4, 6, 7], "texture": "#1"},
				"west": {"uv": [2, 5, 5, 6], "rotation": 90, "texture": "#1"},
				"up": {"uv": [0, 0, 1, 1], "texture": "#1"},
				"down": {"uv": [0, 0, 1, 1], "texture": "#1"}
			}
		},
		{
			"name": "hexadecagon",
			"from": [2.3, 4.00544, 30.1],
			"to": [3.3, 5.99456, 30.6],
			"rotation": {"angle": -45, "axis": "x", "origin": [2.8, 5, 25.6]},
			"faces": {
				"north": {"uv": [4, 4, 6, 7], "texture": "#1"},
				"east": {"uv": [0, 0, 1, 1], "texture": "#1"},
				"south": {"uv": [8, 12, 10, 15], "texture": "#1"},
				"west": {"uv": [2, 5, 5, 6], "rotation": 90, "texture": "#1"},
				"up": {"uv": [0, 0, 1, 1], "texture": "#1"},
				"down": {"uv": [0, 0, 1, 1], "texture": "#1"}
			}
		},
		{
			"name": "hexadecagon",
			"from": [2.3, 4.00544, 30.1],
			"to": [3.3, 5.99456, 30.6],
			"rotation": {"angle": -22.5, "axis": "x", "origin": [2.8, 5, 25.6]},
			"faces": {
				"north": {"uv": [4, 4, 6, 7], "texture": "#1"},
				"east": {"uv": [0, 0, 1, 1], "texture": "#1"},
				"south": {"uv": [10, 8, 12, 11], "texture": "#1"},
				"west": {"uv": [2, 5, 5, 6], "rotation": 90, "texture": "#1"},
				"up": {"uv": [0, 0, 1, 1], "texture": "#1"},
				"down": {"uv": [0, 0, 1, 1], "texture": "#1"}
			}
		},
		{
			"name": "hexadecagon",
			"from": [2.3, 4.00544, 30.1],
			"to": [3.3, 5.99456, 30.6],
			"rotation": {"angle": 0, "axis": "x", "origin": [2.8, 5, 25.6]},
			"faces": {
				"north": {"uv": [4, 4, 6, 7], "texture": "#1"},
				"east": {"uv": [0, 0, 1, 1], "texture": "#1"},
				"south": {"uv": [8, 12, 10, 15], "texture": "#1"},
				"west": {"uv": [2, 5, 5, 6], "rotation": 90, "texture": "#1"},
				"up": {"uv": [0, 0, 1, 1], "texture": "#1"},
				"down": {"uv": [0, 0, 1, 1], "texture": "#1"}
			}
		},
		{
			"name": "hexadecagon",
			"from": [2.3, 4.00544, 30.1],
			"to": [3.3, 5.99456, 30.6],
			"rotation": {"angle": 22.5, "axis": "x", "origin": [2.8, 5, 25.6]},
			"faces": {
				"north": {"uv": [4, 4, 6, 7], "texture": "#1"},
				"east": {"uv": [0, 0, 1, 1], "texture": "#1"},
				"south": {"uv": [10, 8, 12, 11], "texture": "#1"},
				"west": {"uv": [2, 5, 5, 6], "rotation": 90, "texture": "#1"},
				"up": {"uv": [0, 0, 1, 1], "texture": "#1"},
				"down": {"uv": [0, 0, 1, 1], "texture": "#1"}
			}
		},
		{
			"name": "hexadecagon",
			"from": [2.3, 4.00544, 30.1],
			"to": [3.3, 5.99456, 30.6],
			"rotation": {"angle": 45, "axis": "x", "origin": [2.8, 5, 25.6]},
			"faces": {
				"north": {"uv": [4, 4, 6, 7], "texture": "#1"},
				"east": {"uv": [0, 0, 1, 1], "texture": "#1"},
				"south": {"uv": [8, 12, 10, 15], "texture": "#1"},
				"west": {"uv": [2, 5, 5, 6], "rotation": 90, "texture": "#1"},
				"up": {"uv": [0, 0, 1, 1], "texture": "#1"},
				"down": {"uv": [0, 0, 1, 1], "texture": "#1"}
			}
		},
		{
			"name": "hexadecagon",
			"from": [2.3, 0, 24.60544],
			"to": [3.3, 0.5, 26.59456],
			"rotation": {"angle": -22.5, "axis": "x", "origin": [2.8, 5, 25.6]},
			"faces": {
				"north": {"uv": [2, 1, 3, 2], "texture": "#1"},
				"east": {"uv": [0, 0, 1, 1], "texture": "#1"},
				"south": {"uv": [0, 0, 1, 1], "texture": "#1"},
				"west": {"uv": [2, 5, 5, 6], "texture": "#1"},
				"up": {"uv": [4, 4, 6, 7], "texture": "#1"},
				"down": {"uv": [10, 8, 12, 11], "texture": "#1"}
			}
		},
		{
			"name": "hexadecagon",
			"from": [2.3, 0, 24.60544],
			"to": [3.3, 0.5, 26.59456],
			"rotation": {"angle": 0, "axis": "x", "origin": [2.8, 5, 25.6]},
			"faces": {
				"north": {"uv": [2, 1, 3, 2], "texture": "#1"},
				"east": {"uv": [0, 0, 1, 1], "texture": "#1"},
				"south": {"uv": [0, 0, 1, 1], "texture": "#1"},
				"west": {"uv": [2, 5, 5, 6], "texture": "#1"},
				"up": {"uv": [4, 4, 6, 7], "texture": "#1"},
				"down": {"uv": [10, 8, 12, 11], "texture": "#1"}
			}
		},
		{
			"name": "hexadecagon",
			"from": [2.3, 0, 24.60544],
			"to": [3.3, 0.5, 26.59456],
			"rotation": {"angle": 22.5, "axis": "x", "origin": [2.8, 5, 25.6]},
			"faces": {
				"north": {"uv": [2, 1, 3, 2], "texture": "#1"},
				"east": {"uv": [0, 0, 1, 1], "texture": "#1"},
				"south": {"uv": [0, 0, 1, 1], "texture": "#1"},
				"west": {"uv": [2, 5, 5, 6], "texture": "#1"},
				"up": {"uv": [4, 4, 6, 7], "texture": "#1"},
				"down": {"uv": [8, 12, 10, 15], "texture": "#1"}
			}
		},
		{
			"name": "hexadecagon",
			"from": [2.3, 9.5, 24.60544],
			"to": [3.3, 10, 26.59456],
			"rotation": {"angle": -22.5, "axis": "x", "origin": [2.8, 5, 25.6]},
			"faces": {
				"north": {"uv": [2, 1, 3, 2], "texture": "#1"},
				"east": {"uv": [0, 0, 1, 1], "texture": "#1"},
				"south": {"uv": [0, 0, 1, 1], "texture": "#1"},
				"west": {"uv": [2, 5, 5, 6], "texture": "#1"},
				"up": {"uv": [8, 12, 10, 15], "texture": "#1"},
				"down": {"uv": [4, 4, 6, 7], "texture": "#1"}
			}
		},
		{
			"name": "hexadecagon",
			"from": [2.3, 9.5, 24.60544],
			"to": [3.3, 10, 26.59456],
			"rotation": {"angle": 0, "axis": "x", "origin": [2.8, 5, 25.6]},
			"faces": {
				"north": {"uv": [2, 1, 3, 2], "texture": "#1"},
				"east": {"uv": [0, 0, 1, 1], "texture": "#1"},
				"south": {"uv": [0, 0, 1, 1], "texture": "#1"},
				"west": {"uv": [2, 5, 5, 6], "texture": "#1"},
				"up": {"uv": [10, 8, 12, 11], "texture": "#1"},
				"down": {"uv": [4, 4, 6, 7], "texture": "#1"}
			}
		},
		{
			"name": "hexadecagon",
			"from": [2.3, 9.5, 24.60544],
			"to": [3.3, 10, 26.59456],
			"rotation": {"angle": 22.5, "axis": "x", "origin": [2.8, 5, 25.6]},
			"faces": {
				"north": {"uv": [2, 1, 3, 2], "texture": "#1"},
				"east": {"uv": [0, 0, 1, 1], "texture": "#1"},
				"south": {"uv": [0, 0, 1, 1], "texture": "#1"},
				"west": {"uv": [2, 5, 5, 6], "texture": "#1"},
				"up": {"uv": [8, 12, 10, 15], "texture": "#1"},
				"down": {"uv": [4, 4, 6, 7], "texture": "#1"}
			}
		},
		{
			"from": [2.52333, 4.71045, 20.69116],
			"to": [3.02333, 5.21045, 25.29116],
			"rotation": {"angle": 0, "axis": "y", "origin": [11.97, 6.16931, 24.65888]},
			"faces": {
				"north": {"uv": [2, 1, 3, 2], "texture": "#1"},
				"east": {"uv": [6, 0, 16, 1], "texture": "#1"},
				"south": {"uv": [1, 0, 2, 1], "texture": "#1"},
				"west": {"uv": [6, 0, 16, 1], "texture": "#1"},
				"up": {"uv": [1, 0, 2, 10], "texture": "#1"},
				"down": {"uv": [1, 0, 2, 10], "texture": "#1"}
			}
		},
		{
			"from": [2.52333, 5.68839, 21.36977],
			"to": [3.02333, 6.18839, 26.36977],
			"rotation": {"angle": 45, "axis": "x", "origin": [11.97, 6.16931, 24.65888]},
			"faces": {
				"north": {"uv": [2, 1, 3, 2], "texture": "#1"},
				"east": {"uv": [6, 0, 16, 1], "texture": "#1"},
				"south": {"uv": [1, 0, 2, 1], "texture": "#1"},
				"west": {"uv": [6, 0, 16, 1], "texture": "#1"},
				"up": {"uv": [1, 0, 2, 10], "texture": "#1"},
				"down": {"uv": [1, 0, 2, 10], "texture": "#1"}
			}
		},
		{
			"from": [2.52333, 5.21045, 25.19116],
			"to": [3.02333, 9.71045, 25.69116],
			"rotation": {"angle": 0, "axis": "y", "origin": [11.97, 6.16931, 24.55888]},
			"faces": {
				"north": {"uv": [2, 1, 3, 2], "texture": "#1"},
				"east": {"uv": [1, 0, 2, 9], "texture": "#1"},
				"south": {"uv": [1, 0, 2, 9], "texture": "#1"},
				"west": {"uv": [1, 0, 2, 9], "texture": "#1"},
				"up": {"uv": [1, 0, 2, 1], "texture": "#1"},
				"down": {"uv": [1, 0, 2, 1], "texture": "#1"}
			}
		},
		{
			"from": [2.52333, 4.44065, 24.30283],
			"to": [3.02333, 4.94065, 28.80283],
			"rotation": {"angle": -45, "axis": "x", "origin": [11.97, 6.16931, 24.55888]},
			"faces": {
				"north": {"uv": [2, 1, 3, 2], "texture": "#1"},
				"east": {"uv": [7, 0, 16, 1], "texture": "#1"},
				"south": {"uv": [1, 0, 2, 1], "texture": "#1"},
				"west": {"uv": [7, 0, 16, 1], "texture": "#1"},
				"up": {"uv": [1, 0, 2, 9], "texture": "#1"},
				"down": {"uv": [1, 0, 2, 9], "texture": "#1"}
			}
		},
		{
			"from": [2.52333, 4.44065, 19.55309],
			"to": [3.02333, 4.94065, 24.35309],
			"rotation": {"angle": -45, "axis": "x", "origin": [11.97, 6.16931, 24.55888]},
			"faces": {
				"north": {"uv": [2, 1, 3, 2], "texture": "#1"},
				"east": {"uv": [6, 0, 16, 1], "texture": "#1"},
				"south": {"uv": [1, 0, 2, 1], "texture": "#1"},
				"west": {"uv": [6, 0, 16, 1], "texture": "#1"},
				"up": {"uv": [1, 0, 2, 10], "texture": "#1"},
				"down": {"uv": [1, 0, 2, 10], "texture": "#1"}
			}
		},
		{
			"from": [2.52333, 0.21045, 25.19116],
			"to": [3.02333, 4.71045, 25.69116],
			"rotation": {"angle": 0, "axis": "y", "origin": [11.97, 6.16931, 24.55888]},
			"faces": {
				"north": {"uv": [2, 1, 3, 2], "texture": "#1"},
				"east": {"uv": [1, 0, 2, 9], "texture": "#1"},
				"south": {"uv": [1, 0, 2, 9], "texture": "#1"},
				"west": {"uv": [1, 0, 2, 9], "texture": "#1"},
				"up": {"uv": [1, 0, 2, 1], "texture": "#1"},
				"down": {"uv": [1, 0, 2, 1], "texture": "#1"}
			}
		},
		{
			"from": [2.52333, 5.68839, 26.21952],
			"to": [3.02333, 6.18839, 30.71952],
			"rotation": {"angle": 45, "axis": "x", "origin": [11.97, 6.16931, 24.55888]},
			"faces": {
				"north": {"uv": [2, 1, 3, 2], "texture": "#1"},
				"east": {"uv": [7, 0, 16, 1], "texture": "#1"},
				"south": {"uv": [1, 0, 2, 1], "texture": "#1"},
				"west": {"uv": [7, 0, 16, 1], "texture": "#1"},
				"up": {"uv": [1, 0, 2, 9], "texture": "#1"},
				"down": {"uv": [1, 0, 2, 9], "texture": "#1"}
			}
		},
		{
			"from": [2.52333, 4.71045, 25.69116],
			"to": [3.02333, 5.21045, 30.19116],
			"rotation": {"angle": 0, "axis": "y", "origin": [11.97, 6.16931, 24.55888]},
			"faces": {
				"north": {"uv": [2, 1, 3, 2], "texture": "#1"},
				"east": {"uv": [7, 0, 16, 1], "texture": "#1"},
				"south": {"uv": [1, 0, 2, 1], "texture": "#1"},
				"west": {"uv": [7, 0, 16, 1], "texture": "#1"},
				"up": {"uv": [1, 0, 2, 9], "texture": "#1"},
				"down": {"uv": [1, 0, 2, 9], "texture": "#1"}
			}
		},
		{
			"name": "hexadecagon",
			"from": [21.2, 4.00544, 20.5],
			"to": [22.2, 5.99456, 21],
			"rotation": {"angle": -45, "axis": "x", "origin": [21.7, 5, 25.5]},
			"faces": {
				"north": {"uv": [10, 12, 8, 15], "texture": "#1"},
				"east": {"uv": [2, 6, 5, 5], "rotation": 90, "texture": "#1"},
				"south": {"uv": [6, 4, 4, 7], "texture": "#1"},
				"west": {"uv": [1, 0, 0, 1], "texture": "#1"},
				"up": {"uv": [1, 0, 0, 1], "texture": "#1"},
				"down": {"uv": [1, 0, 0, 1], "texture": "#1"}
			}
		},
		{
			"name": "hexadecagon",
			"from": [21.2, 4.00544, 20.5],
			"to": [22.2, 5.99456, 21],
			"rotation": {"angle": -22.5, "axis": "x", "origin": [21.7, 5, 25.5]},
			"faces": {
				"north": {"uv": [12, 8, 10, 11], "texture": "#1"},
				"east": {"uv": [2, 6, 5, 5], "rotation": 90, "texture": "#1"},
				"south": {"uv": [6, 4, 4, 7], "texture": "#1"},
				"west": {"uv": [1, 0, 0, 1], "texture": "#1"},
				"up": {"uv": [1, 0, 0, 1], "texture": "#1"},
				"down": {"uv": [1, 0, 0, 1], "texture": "#1"}
			}
		},
		{
			"name": "hexadecagon",
			"from": [21.2, 4.00544, 20.5],
			"to": [22.2, 5.99456, 21],
			"rotation": {"angle": 0, "axis": "x", "origin": [21.7, 5, 25.5]},
			"faces": {
				"north": {"uv": [12, 8, 10, 11], "texture": "#1"},
				"east": {"uv": [2, 6, 5, 5], "rotation": 90, "texture": "#1"},
				"south": {"uv": [6, 4, 4, 7], "texture": "#1"},
				"west": {"uv": [1, 0, 0, 1], "texture": "#1"},
				"up": {"uv": [1, 0, 0, 1], "texture": "#1"},
				"down": {"uv": [1, 0, 0, 1], "texture": "#1"}
			}
		},
		{
			"name": "hexadecagon",
			"from": [21.2, 4.00544, 20.5],
			"to": [22.2, 5.99456, 21],
			"rotation": {"angle": 22.5, "axis": "x", "origin": [21.7, 5, 25.5]},
			"faces": {
				"north": {"uv": [12, 8, 10, 11], "texture": "#1"},
				"east": {"uv": [2, 6, 5, 5], "rotation": 90, "texture": "#1"},
				"south": {"uv": [6, 4, 4, 7], "texture": "#1"},
				"west": {"uv": [1, 0, 0, 1], "texture": "#1"},
				"up": {"uv": [1, 0, 0, 1], "texture": "#1"},
				"down": {"uv": [1, 0, 0, 1], "texture": "#1"}
			}
		},
		{
			"name": "hexadecagon",
			"from": [21.2, 4.00544, 20.5],
			"to": [22.2, 5.99456, 21],
			"rotation": {"angle": 45, "axis": "x", "origin": [21.7, 5, 25.5]},
			"faces": {
				"north": {"uv": [10, 12, 8, 15], "texture": "#1"},
				"east": {"uv": [2, 6, 5, 5], "rotation": 90, "texture": "#1"},
				"south": {"uv": [6, 4, 4, 7], "texture": "#1"},
				"west": {"uv": [1, 0, 0, 1], "texture": "#1"},
				"up": {"uv": [1, 0, 0, 1], "texture": "#1"},
				"down": {"uv": [1, 0, 0, 1], "texture": "#1"}
			}
		},
		{
			"name": "hexadecagon",
			"from": [21.2, 4.00544, 30],
			"to": [22.2, 5.99456, 30.5],
			"rotation": {"angle": -45, "axis": "x", "origin": [21.7, 5, 25.5]},
			"faces": {
				"north": {"uv": [6, 4, 4, 7], "texture": "#1"},
				"east": {"uv": [2, 6, 5, 5], "rotation": 90, "texture": "#1"},
				"south": {"uv": [10, 12, 8, 15], "texture": "#1"},
				"west": {"uv": [1, 0, 0, 1], "texture": "#1"},
				"up": {"uv": [1, 0, 0, 1], "texture": "#1"},
				"down": {"uv": [1, 0, 0, 1], "texture": "#1"}
			}
		},
		{
			"name": "hexadecagon",
			"from": [21.2, 4.00544, 30],
			"to": [22.2, 5.99456, 30.5],
			"rotation": {"angle": -22.5, "axis": "x", "origin": [21.7, 5, 25.5]},
			"faces": {
				"north": {"uv": [6, 4, 4, 7], "texture": "#1"},
				"east": {"uv": [2, 6, 5, 5], "rotation": 90, "texture": "#1"},
				"south": {"uv": [12, 8, 10, 11], "texture": "#1"},
				"west": {"uv": [1, 0, 0, 1], "texture": "#1"},
				"up": {"uv": [1, 0, 0, 1], "texture": "#1"},
				"down": {"uv": [1, 0, 0, 1], "texture": "#1"}
			}
		},
		{
			"name": "hexadecagon",
			"from": [21.2, 4.00544, 30],
			"to": [22.2, 5.99456, 30.5],
			"rotation": {"angle": 0, "axis": "x", "origin": [21.7, 5, 25.5]},
			"faces": {
				"north": {"uv": [6, 4, 4, 7], "texture": "#1"},
				"east": {"uv": [2, 6, 5, 5], "rotation": 90, "texture": "#1"},
				"south": {"uv": [10, 12, 8, 15], "texture": "#1"},
				"west": {"uv": [1, 0, 0, 1], "texture": "#1"},
				"up": {"uv": [1, 0, 0, 1], "texture": "#1"},
				"down": {"uv": [1, 0, 0, 1], "texture": "#1"}
			}
		},
		{
			"name": "hexadecagon",
			"from": [21.2, 4.00544, 30],
			"to": [22.2, 5.99456, 30.5],
			"rotation": {"angle": 22.5, "axis": "x", "origin": [21.7, 5, 25.5]},
			"faces": {
				"north": {"uv": [6, 4, 4, 7], "texture": "#1"},
				"east": {"uv": [2, 6, 5, 5], "rotation": 90, "texture": "#1"},
				"south": {"uv": [12, 8, 10, 11], "texture": "#1"},
				"west": {"uv": [1, 0, 0, 1], "texture": "#1"},
				"up": {"uv": [1, 0, 0, 1], "texture": "#1"},
				"down": {"uv": [1, 0, 0, 1], "texture": "#1"}
			}
		},
		{
			"name": "hexadecagon",
			"from": [21.2, 4.00544, 30],
			"to": [22.2, 5.99456, 30.5],
			"rotation": {"angle": 45, "axis": "x", "origin": [21.7, 5, 25.5]},
			"faces": {
				"north": {"uv": [6, 4, 4, 7], "texture": "#1"},
				"east": {"uv": [2, 6, 5, 5], "rotation": 90, "texture": "#1"},
				"south": {"uv": [10, 12, 8, 15], "texture": "#1"},
				"west": {"uv": [1, 0, 0, 1], "texture": "#1"},
				"up": {"uv": [1, 0, 0, 1], "texture": "#1"},
				"down": {"uv": [1, 0, 0, 1], "texture": "#1"}
			}
		},
		{
			"name": "hexadecagon",
			"from": [21.2, 0, 24.50544],
			"to": [22.2, 0.5, 26.49456],
			"rotation": {"angle": -22.5, "axis": "x", "origin": [21.7, 5, 25.5]},
			"faces": {
				"north": {"uv": [3, 1, 2, 2], "texture": "#1"},
				"east": {"uv": [5, 5, 2, 6], "texture": "#1"},
				"south": {"uv": [1, 0, 0, 1], "texture": "#1"},
				"west": {"uv": [1, 0, 0, 1], "texture": "#1"},
				"up": {"uv": [6, 4, 4, 7], "texture": "#1"},
				"down": {"uv": [12, 8, 10, 11], "texture": "#1"}
			}
		},
		{
			"name": "hexadecagon",
			"from": [21.2, 0, 24.50544],
			"to": [22.2, 0.5, 26.49456],
			"rotation": {"angle": 0, "axis": "x", "origin": [21.7, 5, 25.5]},
			"faces": {
				"north": {"uv": [3, 1, 2, 2], "texture": "#1"},
				"east": {"uv": [5, 5, 2, 6], "texture": "#1"},
				"south": {"uv": [1, 0, 0, 1], "texture": "#1"},
				"west": {"uv": [1, 0, 0, 1], "texture": "#1"},
				"up": {"uv": [6, 4, 4, 7], "texture": "#1"},
				"down": {"uv": [12, 8, 10, 11], "texture": "#1"}
			}
		},
		{
			"name": "hexadecagon",
			"from": [21.2, 0, 24.50544],
			"to": [22.2, 0.5, 26.49456],
			"rotation": {"angle": 22.5, "axis": "x", "origin": [21.7, 5, 25.5]},
			"faces": {
				"north": {"uv": [3, 1, 2, 2], "texture": "#1"},
				"east": {"uv": [5, 5, 2, 6], "texture": "#1"},
				"south": {"uv": [1, 0, 0, 1], "texture": "#1"},
				"west": {"uv": [1, 0, 0, 1], "texture": "#1"},
				"up": {"uv": [6, 4, 4, 7], "texture": "#1"},
				"down": {"uv": [10, 12, 8, 15], "texture": "#1"}
			}
		},
		{
			"name": "hexadecagon",
			"from": [21.2, 9.5, 24.50544],
			"to": [22.2, 10, 26.49456],
			"rotation": {"angle": -22.5, "axis": "x", "origin": [21.7, 5, 25.5]},
			"faces": {
				"north": {"uv": [3, 1, 2, 2], "texture": "#1"},
				"east": {"uv": [5, 5, 2, 6], "texture": "#1"},
				"south": {"uv": [1, 0, 0, 1], "texture": "#1"},
				"west": {"uv": [1, 0, 0, 1], "texture": "#1"},
				"up": {"uv": [10, 12, 8, 15], "texture": "#1"},
				"down": {"uv": [6, 4, 4, 7], "texture": "#1"}
			}
		},
		{
			"name": "hexadecagon",
			"from": [21.2, 9.5, 24.50544],
			"to": [22.2, 10, 26.49456],
			"rotation": {"angle": 0, "axis": "x", "origin": [21.7, 5, 25.5]},
			"faces": {
				"north": {"uv": [3, 1, 2, 2], "texture": "#1"},
				"east": {"uv": [5, 5, 2, 6], "texture": "#1"},
				"south": {"uv": [1, 0, 0, 1], "texture": "#1"},
				"west": {"uv": [1, 0, 0, 1], "texture": "#1"},
				"up": {"uv": [12, 8, 10, 11], "texture": "#1"},
				"down": {"uv": [6, 4, 4, 7], "texture": "#1"}
			}
		},
		{
			"name": "hexadecagon",
			"from": [21.2, 9.5, 24.50544],
			"to": [22.2, 10, 26.49456],
			"rotation": {"angle": 22.5, "axis": "x", "origin": [21.7, 5, 25.5]},
			"faces": {
				"north": {"uv": [3, 1, 2, 2], "texture": "#1"},
				"east": {"uv": [5, 5, 2, 6], "texture": "#1"},
				"south": {"uv": [1, 0, 0, 1], "texture": "#1"},
				"west": {"uv": [1, 0, 0, 1], "texture": "#1"},
				"up": {"uv": [10, 12, 8, 15], "texture": "#1"},
				"down": {"uv": [6, 4, 4, 7], "texture": "#1"}
			}
		},
		{
			"from": [21.47667, 4.71045, 20.59116],
			"to": [21.97667, 5.21045, 25.19116],
			"rotation": {"angle": 0, "axis": "y", "origin": [12.53, 6.16931, 24.55888]},
			"faces": {
				"north": {"uv": [3, 1, 2, 2], "texture": "#1"},
				"east": {"uv": [16, 0, 6, 1], "texture": "#1"},
				"south": {"uv": [2, 0, 1, 1], "texture": "#1"},
				"west": {"uv": [16, 0, 6, 1], "texture": "#1"},
				"up": {"uv": [2, 0, 1, 10], "texture": "#1"},
				"down": {"uv": [2, 0, 1, 10], "texture": "#1"}
			}
		},
		{
			"from": [21.47667, 5.68839, 21.26977],
			"to": [21.97667, 6.18839, 26.26977],
			"rotation": {"angle": 45, "axis": "x", "origin": [12.53, 6.16931, 24.55888]},
			"faces": {
				"north": {"uv": [3, 1, 2, 2], "texture": "#1"},
				"east": {"uv": [16, 0, 6, 1], "texture": "#1"},
				"south": {"uv": [2, 0, 1, 1], "texture": "#1"},
				"west": {"uv": [16, 0, 6, 1], "texture": "#1"},
				"up": {"uv": [2, 0, 1, 10], "texture": "#1"},
				"down": {"uv": [2, 0, 1, 10], "texture": "#1"}
			}
		},
		{
			"from": [21.47667, 5.21045, 25.09116],
			"to": [21.97667, 9.71045, 25.59116],
			"rotation": {"angle": 0, "axis": "y", "origin": [12.53, 6.16931, 24.45888]},
			"faces": {
				"north": {"uv": [3, 1, 2, 2], "texture": "#1"},
				"east": {"uv": [2, 0, 1, 9], "texture": "#1"},
				"south": {"uv": [2, 0, 1, 9], "texture": "#1"},
				"west": {"uv": [2, 0, 1, 9], "texture": "#1"},
				"up": {"uv": [2, 0, 1, 1], "texture": "#1"},
				"down": {"uv": [2, 0, 1, 1], "texture": "#1"}
			}
		},
		{
			"from": [21.47667, 4.44065, 24.20283],
			"to": [21.97667, 4.94065, 28.70283],
			"rotation": {"angle": -45, "axis": "x", "origin": [12.53, 6.16931, 24.45888]},
			"faces": {
				"north": {"uv": [3, 1, 2, 2], "texture": "#1"},
				"east": {"uv": [16, 0, 7, 1], "texture": "#1"},
				"south": {"uv": [2, 0, 1, 1], "texture": "#1"},
				"west": {"uv": [16, 0, 7, 1], "texture": "#1"},
				"up": {"uv": [2, 0, 1, 9], "texture": "#1"},
				"down": {"uv": [2, 0, 1, 9], "texture": "#1"}
			}
		},
		{
			"from": [21.47667, 4.44065, 19.45309],
			"to": [21.97667, 4.94065, 24.25309],
			"rotation": {"angle": -45, "axis": "x", "origin": [12.53, 6.16931, 24.45888]},
			"faces": {
				"north": {"uv": [3, 1, 2, 2], "texture": "#1"},
				"east": {"uv": [16, 0, 6, 1], "texture": "#1"},
				"south": {"uv": [2, 0, 1, 1], "texture": "#1"},
				"west": {"uv": [16, 0, 6, 1], "texture": "#1"},
				"up": {"uv": [2, 0, 1, 10], "texture": "#1"},
				"down": {"uv": [2, 0, 1, 10], "texture": "#1"}
			}
		},
		{
			"from": [21.47667, 0.21045, 25.09116],
			"to": [21.97667, 4.71045, 25.59116],
			"rotation": {"angle": 0, "axis": "y", "origin": [12.53, 6.16931, 24.45888]},
			"faces": {
				"north": {"uv": [3, 1, 2, 2], "texture": "#1"},
				"east": {"uv": [2, 0, 1, 9], "texture": "#1"},
				"south": {"uv": [2, 0, 1, 9], "texture": "#1"},
				"west": {"uv": [2, 0, 1, 9], "texture": "#1"},
				"up": {"uv": [2, 0, 1, 1], "texture": "#1"},
				"down": {"uv": [2, 0, 1, 1], "texture": "#1"}
			}
		},
		{
			"from": [21.47667, 5.68839, 26.11952],
			"to": [21.97667, 6.18839, 30.61952],
			"rotation": {"angle": 45, "axis": "x", "origin": [12.53, 6.16931, 24.45888]},
			"faces": {
				"north": {"uv": [3, 1, 2, 2], "texture": "#1"},
				"east": {"uv": [16, 0, 7, 1], "texture": "#1"},
				"south": {"uv": [2, 0, 1, 1], "texture": "#1"},
				"west": {"uv": [16, 0, 7, 1], "texture": "#1"},
				"up": {"uv": [2, 0, 1, 9], "texture": "#1"},
				"down": {"uv": [2, 0, 1, 9], "texture": "#1"}
			}
		},
		{
			"from": [21.47667, 4.71045, 25.59116],
			"to": [21.97667, 5.21045, 30.09116],
			"rotation": {"angle": 0, "axis": "y", "origin": [12.53, 6.16931, 24.45888]},
			"faces": {
				"north": {"uv": [3, 1, 2, 2], "texture": "#1"},
				"east": {"uv": [16, 0, 7, 1], "texture": "#1"},
				"south": {"uv": [2, 0, 1, 1], "texture": "#1"},
				"west": {"uv": [16, 0, 7, 1], "texture": "#1"},
				"up": {"uv": [2, 0, 1, 9], "texture": "#1"},
				"down": {"uv": [2, 0, 1, 9], "texture": "#1"}
			}
		}
	],
	"display": {
		"thirdperson_righthand": {
			"translation": [1.75, 0, 0],
			"scale": [0.5, 0.5, 0.5]
		},
		"thirdperson_lefthand": {
			"translation": [1.75, 0, 0],
			"scale": [0.5, 0.5, 0.5]
		},
		"firstperson_righthand": {
			"translation": [2.25, 1.25, -1.25],
			"scale": [0.25, 0.25, 0.25]
		},
		"firstperson_lefthand": {
			"translation": [2.25, 1.25, -1.25],
			"scale": [0.25, 0.25, 0.25]
		},
		"ground": {
			"translation": [0, 3.75, 0],
			"scale": [0.65, 0.65, 0.65]
		},
		"gui": {
			"rotation": [16, 45, 0],
			"scale": [0.67, 0.67, 0.67]
		},
		"head": {
			"translation": [0, 0.75, 0],
			"scale": [1.06, 1.06, 1.06]
		},
		"fixed": {
			"rotation": [-90, 0, 0],
			"translation": [-17, -21.75, -31],
			"scale": [4, 4, 4]
		}
	},
	"groups": [
		{
			"name": "WagonBackPlatform",
			"origin": [25, 16, 40],
			"children": [0, 1, 2, 3, 4, 5, 6, 7, 8, 9]
		},
		{
			"name": "WagonWalls",
			"origin": [29, 15, 35],
			"children": [10, 11, 12, 13, 14, 15, 16, 17, 18, 19, 20]
		},
		{
			"name": "WagonDecor",
			"origin": [1, 9, 7],
			"children": []
		},
		{
			"name": "WagonWheel",
			"origin": [35, 8, 28.5],
			"children": [21]
		},
		{
			"name": "WagonWheel",
			"origin": [35, 8, 28.5],
			"children": [22, 23, 24, 25]
		},
		{
			"name": "brokencartfront",
			"origin": [8, 8, 8],
			"children": [
				{
					"name": "WagonBackPlatform",
					"origin": [25, 16, 40],
					"children": [26, 27, 28]
				},
				{
					"name": "WagonWalls",
					"origin": [29, 15, 35],
					"children": [29, 30, 31, 32, 33, 34, 35, 36, 37, 38, 39]
				},
				{
					"name": "WagonSeat",
					"origin": [9, 6, -2],
					"children": [40, 41, 42]
				}
			]
		},
		{
			"name": "WagonWheel",
			"origin": [35, 8, 28.5],
			"children": [43]
		},
		{
			"name": "WagonWheel",
			"origin": [35, 8, 28.5],
			"children": [44, 45, 46, 47]
		},
		{
			"name": "001",
			"origin": [8, 8, 8],
			"children": [48,
				{
					"name": "Frame",
					"origin": [0, 0, 0],
					"children": [49, 50, 51, 52, 53, 54, 55, 56, 57, 58, 59, 60, 61, 62, 63, 64, 65, 66]
				}
			]
		},
		{
			"name": "001",
			"origin": [8, 8, 8],
			"children": [67,
				{
					"name": "Frame",
					"origin": [0, 0, 0],
					"children": [68, 69, 70, 71, 72, 73, 74, 75, 76, 77, 78, 79, 80, 81, 82, 83, 84, 85]
				}
			]
		},
		{
			"name": "smoothwheel",
			"origin": [8, 8, 8],
			"children": [86, 87, 88, 89, 90, 91, 92, 93, 94, 95, 96, 97, 98, 99, 100, 101, 102, 103, 104, 105, 106, 107, 108, 109]
		},
		{
			"name": "smoothwheel",
			"origin": [8, 8, 8],
			"children": [110, 111, 112, 113, 114, 115, 116, 117, 118, 119, 120, 121, 122, 123, 124, 125, 126, 127, 128, 129, 130, 131, 132, 133]
		},
		{
			"name": "smoothwheel",
			"origin": [8, 8, 8],
			"children": [134, 135, 136, 137, 138, 139, 140, 141, 142, 143, 144, 145, 146, 147, 148, 149, 150, 151, 152, 153, 154, 155, 156, 157]
		},
		{
			"name": "smoothwheel",
			"origin": [8, 8, 8],
			"children": [158, 159, 160, 161, 162, 163, 164, 165, 166, 167, 168, 169, 170, 171, 172, 173, 174, 175, 176, 177, 178, 179, 180, 181]
		}
	]
}