{
  "parent": "minecraft:item/handheld",
  "textures": {
    "layer0": "minecraft:item/diamond_axe"
  },
  "overrides": [
	{"predicate": {"custom_model_data": 1}, "model": "item/wooden_double_axe"},
	{"predicate": {"custom_model_data": 2}, "model": "item/stone_double_axe"},
	{"predicate": {"custom_model_data": 3}, "model": "item/iron_double_axe"},
	{"predicate": {"custom_model_data": 4}, "model": "item/gold_double_axe"},
	{"predicate": {"custom_model_data": 5}, "model": "item/diamond_double_axe"},
	{"predicate": {"custom_model_data": 6}, "model": "item/netherite_double_axe"}
	]
}