{
	"credit": "Made with Blockbench",
	"textures": {
		"0": "block/oak_log",
		"1": "block/oak_log_top",
		"3": "block/stripped_oak_log",
		"particle": "block/oak_log"
	},
	"elements": [
		{
			"name": "chairplate",
			"from": [1, 11, 1],
			"to": [15, 13, 15],
			"faces": {
				"north": {"uv": [0, 4, 14, 6], "texture": "#0"},
				"east": {"uv": [0, 10, 14, 12], "texture": "#0"},
				"south": {"uv": [1, 7, 15, 9], "texture": "#0"},
				"west": {"uv": [2, 13, 16, 15], "texture": "#0"},
				"up": {"uv": [0, 0, 16, 16], "texture": "#1"},
				"down": {"uv": [0, 0, 16, 16], "texture": "#1"}
			}
		},
		{
			"from": [12, 0, 12],
			"to": [14, 11, 14],
			"faces": {
				"north": {"uv": [14, 0, 16, 11], "texture": "#0"},
				"east": {"uv": [2, 1, 4, 12], "texture": "#0"},
				"south": {"uv": [13, 0, 15, 11], "texture": "#0"},
				"west": {"uv": [6, 5, 8, 16], "texture": "#0"},
				"up": {"uv": [0, 0, 2, 2], "texture": "#0"},
				"down": {"uv": [0, 0, 2, 2], "texture": "#0"}
			}
		},
		{
			"from": [12, 0, 2],
			"to": [14, 11, 4],
			"faces": {
				"north": {"uv": [9, 3, 11, 14], "texture": "#0"},
				"east": {"uv": [5, 5, 7, 16], "texture": "#0"},
				"south": {"uv": [0, 0, 2, 11], "texture": "#0"},
				"west": {"uv": [4, 0, 6, 11], "texture": "#0"},
				"up": {"uv": [0, 0, 2, 2], "texture": "#0"},
				"down": {"uv": [0, 0, 2, 2], "texture": "#0"}
			}
		},
		{
			"from": [2, 0, 12],
			"to": [4, 11, 14],
			"faces": {
				"north": {"uv": [0, 5, 2, 16], "texture": "#0"},
				"east": {"uv": [3, 3, 5, 14], "texture": "#0"},
				"south": {"uv": [7, 3, 9, 14], "texture": "#0"},
				"west": {"uv": [12, 5, 14, 16], "texture": "#0"},
				"up": {"uv": [0, 0, 2, 2], "texture": "#0"},
				"down": {"uv": [0, 0, 2, 2], "texture": "#0"}
			}
		},
		{
			"from": [2, 0, 2],
			"to": [4, 11, 4],
			"faces": {
				"north": {"uv": [0, 0, 2, 11], "texture": "#0"},
				"east": {"uv": [9, 2, 11, 13], "texture": "#0"},
				"south": {"uv": [5, 4, 7, 15], "texture": "#0"},
				"west": {"uv": [0, 5, 2, 16], "texture": "#0"},
				"up": {"uv": [0, 0, 2, 2], "texture": "#0"},
				"down": {"uv": [0, 0, 2, 2], "texture": "#0"}
			}
		},
		{
			"from": [4, 23, 2],
			"to": [12, 25, 3],
			"faces": {
				"north": {"uv": [7, 12, 15, 14], "texture": "#3"},
				"east": {"uv": [0, 0, 1, 2], "texture": "#3"},
				"south": {"uv": [3, 3, 11, 5], "texture": "#3"},
				"west": {"uv": [0, 0, 1, 2], "texture": "#3"},
				"up": {"uv": [0, 0, 8, 1], "texture": "#3"},
				"down": {"uv": [0, 0, 8, 1], "texture": "#3"}
			}
		},
		{
			"from": [4, 20, 2],
			"to": [12, 22, 3],
			"faces": {
				"north": {"uv": [2, 14, 10, 16], "texture": "#3"},
				"east": {"uv": [0, 0, 1, 2], "texture": "#3"},
				"south": {"uv": [0, 0, 8, 2], "texture": "#3"},
				"west": {"uv": [0, 0, 1, 2], "texture": "#3"},
				"up": {"uv": [0, 0, 8, 1], "texture": "#3"},
				"down": {"uv": [0, 0, 8, 1], "texture": "#3"}
			}
		},
		{
			"from": [4, 17, 2],
			"to": [12, 19, 3],
			"faces": {
				"north": {"uv": [6, 9, 14, 11], "texture": "#3"},
				"east": {"uv": [0, 0, 1, 2], "texture": "#3"},
				"south": {"uv": [7, 7, 15, 9], "texture": "#3"},
				"west": {"uv": [0, 0, 1, 2], "texture": "#3"},
				"up": {"uv": [0, 0, 8, 1], "texture": "#3"},
				"down": {"uv": [0, 0, 8, 1], "texture": "#3"}
			}
		},
		{
			"from": [4, 14, 2],
			"to": [12, 16, 3],
			"faces": {
				"north": {"uv": [1, 3, 9, 5], "texture": "#3"},
				"east": {"uv": [0, 0, 1, 2], "texture": "#3"},
				"south": {"uv": [0, 10, 8, 12], "texture": "#3"},
				"west": {"uv": [0, 0, 1, 2], "texture": "#3"},
				"up": {"uv": [0, 0, 8, 1], "texture": "#3"},
				"down": {"uv": [0, 0, 8, 1], "texture": "#3"}
			}
		},
		{
			"from": [12, 13, 2],
			"to": [14, 25, 4],
			"faces": {
				"north": {"uv": [0, 0, 2, 12], "texture": "#0"},
				"east": {"uv": [0, 0, 2, 12], "texture": "#0"},
				"south": {"uv": [0, 0, 2, 12], "texture": "#0"},
				"west": {"uv": [0, 0, 2, 12], "texture": "#0"},
				"up": {"uv": [0, 0, 2, 2], "texture": "#0"},
				"down": {"uv": [0, 0, 2, 2], "texture": "#0"}
			}
		},
		{
			"from": [2, 13, 2],
			"to": [4, 25, 4],
			"faces": {
				"north": {"uv": [0, 0, 2, 12], "texture": "#0"},
				"east": {"uv": [0, 0, 2, 12], "texture": "#0"},
				"south": {"uv": [0, 0, 2, 12], "texture": "#0"},
				"west": {"uv": [0, 0, 2, 12], "texture": "#0"},
				"up": {"uv": [0, 0, 2, 2], "texture": "#0"},
				"down": {"uv": [0, 0, 2, 2], "texture": "#0"}
			}
		}
	],
	"display": {
		"fixed": {
			"rotation": [-90, 0, 0],
			"translation": [0, 0, -14],
			"scale": [2.15, 2.09, 2.15]
		}
	},
	"groups": [0,
		{
			"name": "Legs",
			"origin": [0, 0, 0],
			"children": [1, 2, 3, 4]
		},
		{
			"name": "Chair Back",
			"origin": [0, 0, 0],
			"children": [5, 6, 7, 8, 9, 10]
		}
	]
}