{
	"texture_size": [32, 32],
	"textures": {
		"1": "adventurer_swords_pack/reaver_sword"
	},
	"elements": [
		{
			"from": [6.5, 29, 7],
			"to": [9.5, 32, 9],
			"rotation": {"angle": 45, "axis": "z", "origin": [8, 30.5, 8]},
			"faces": {
				"north": {"uv": [10, 8, 11.5, 9.5], "texture": "#1"},
				"east": {"uv": [12, 1, 13, 2.5], "texture": "#1"},
				"south": {"uv": [10, 9.5, 11.5, 11], "texture": "#1"},
				"west": {"uv": [12, 2.5, 13, 4], "texture": "#1"},
				"up": {"uv": [4.5, 15, 3, 14], "texture": "#1"},
				"down": {"uv": [13.5, 4, 12, 5], "texture": "#1"}
			}
		},
		{
			"from": [7.01, 21.01, 7.01],
			"to": [8.99, 29.99, 8.99],
			"faces": {
				"north": {"uv": [6, 0, 7, 4.5], "texture": "#1"},
				"east": {"uv": [6, 4.5, 7, 9], "texture": "#1"},
				"south": {"uv": [7, 0, 8, 4.5], "texture": "#1"},
				"west": {"uv": [7, 4.5, 8, 9], "texture": "#1"},
				"up": {"uv": [5.5, 15, 4.5, 14], "texture": "#1"},
				"down": {"uv": [13, 6, 12, 7], "texture": "#1"}
			}
		},
		{
			"from": [6.5, 17.5, 6.99],
			"to": [10.055, 21.055, 9.01],
			"rotation": {"angle": 45, "axis": "z", "origin": [6.51, 17.51, 7.01]},
			"faces": {
				"north": {"uv": [8, 0, 10, 2], "texture": "#1"},
				"east": {"uv": [9, 4, 10, 6], "texture": "#1"},
				"south": {"uv": [8, 2, 10, 4], "texture": "#1"},
				"west": {"uv": [7, 11, 8, 13], "texture": "#1"},
				"up": {"uv": [12, 12, 10, 11], "texture": "#1"},
				"down": {"uv": [9, 15, 7, 16], "texture": "#1"}
			}
		},
		{
			"from": [5.945, 17.5, 6.99],
			"to": [9.5, 21.055, 9.01],
			"rotation": {"angle": -45, "axis": "z", "origin": [9.49, 17.51, 7.01]},
			"faces": {
				"north": {"uv": [8, 4, 10, 6], "texture": "#1"},
				"east": {"uv": [11.5, 9, 12.5, 11], "texture": "#1"},
				"south": {"uv": [8, 6, 10, 8], "texture": "#1"},
				"west": {"uv": [9, 4, 10, 6], "texture": "#1"},
				"up": {"uv": [14, 1, 12, 0], "texture": "#1"},
				"down": {"uv": [14.5, 8, 12.5, 9], "texture": "#1"}
			}
		},
		{
			"from": [5.5, -1, 7.5],
			"to": [10.5, 19, 8.5],
			"rotation": {"angle": 0, "axis": "y", "origin": [0, 3, 0]},
			"faces": {
				"north": {"uv": [3.5, 0, 6, 10], "texture": "#1"},
				"east": {"uv": [3, 0, 3.5, 10], "texture": "#1"},
				"south": {"uv": [0.5, 0, 3, 10], "texture": "#1"},
				"west": {"uv": [0, 0, 0.5, 10], "texture": "#1"},
				"up": {"uv": [14.5, 5.5, 12, 5], "texture": "#1"},
				"down": {"uv": [14.5, 5.5, 12, 6], "texture": "#1"}
			}
		},
		{
			"from": [7.99, -4.51, 7.49],
			"to": [11.545, -0.955, 8.51],
			"rotation": {"angle": 45, "axis": "z", "origin": [8, -4.5, 7.5]},
			"faces": {
				"north": {"uv": [4.5, 12, 6.5, 14], "texture": "#1"},
				"east": {"uv": [4.5, 12, 5, 14], "texture": "#1"},
				"south": {"uv": [0, 12, 2, 14], "texture": "#1"},
				"west": {"uv": [0, 12, 0.5, 14], "texture": "#1"},
				"up": {"uv": [14, 7.5, 12, 7], "texture": "#1"},
				"down": {"uv": [14, 7.5, 12, 8], "texture": "#1"}
			}
		},
		{
			"from": [10.3831, -2.16695, 7.49],
			"to": [13.9381, 1.38805, 8.51],
			"rotation": {"angle": 45, "axis": "z", "origin": [10.34305, -2.15695, 7.5]},
			"faces": {
				"north": {"uv": [3, 10, 5, 12], "texture": "#1"},
				"east": {"uv": [3, 8.5, 3.5, 10.5], "texture": "#1"},
				"south": {"uv": [2, 10, 4, 12], "texture": "#1"},
				"west": {"uv": [9, 12, 9.5, 14], "texture": "#1"},
				"up": {"uv": [11.5, 12.5, 9.5, 12], "texture": "#1"},
				"down": {"uv": [5, 10.5, 3, 11], "texture": "#1"}
			}
		},
		{
			"from": [2.0619, -2.16695, 7.49],
			"to": [5.6169, 1.38805, 8.51],
			"rotation": {"angle": -45, "axis": "z", "origin": [5.65695, -2.15695, 7.5]},
			"faces": {
				"north": {"uv": [5, 10, 7, 12], "texture": "#1"},
				"east": {"uv": [11.5, 12, 12, 14], "texture": "#1"},
				"south": {"uv": [0, 10, 2, 12], "texture": "#1"},
				"west": {"uv": [0, 10, 0.5, 12], "texture": "#1"},
				"up": {"uv": [14.5, 9.5, 12.5, 9], "texture": "#1"},
				"down": {"uv": [2, 11.5, 0, 12], "texture": "#1"}
			}
		},
		{
			"from": [2.0619, 10.98305, 7.49],
			"to": [5.6169, 14.53805, 8.51],
			"rotation": {"angle": -45, "axis": "z", "origin": [5.65695, 10.99305, 7.5]},
			"faces": {
				"north": {"uv": [10, 0, 12, 2], "texture": "#1"},
				"east": {"uv": [12.5, 11.5, 13, 13.5], "texture": "#1"},
				"south": {"uv": [10, 4, 12, 6], "texture": "#1"},
				"west": {"uv": [0, 1.5, 0.5, 3.5], "texture": "#1"},
				"up": {"uv": [14.5, 10, 12.5, 9.5], "texture": "#1"},
				"down": {"uv": [4, 8.5, 2, 9], "texture": "#1"}
			}
		},
		{
			"from": [10.3831, 10.98305, 7.49],
			"to": [13.9381, 14.53805, 8.51],
			"rotation": {"angle": 45, "axis": "z", "origin": [10.34305, 10.99305, 7.5]},
			"faces": {
				"north": {"uv": [10, 6, 12, 8], "texture": "#1"},
				"east": {"uv": [3, 1.5, 3.5, 3.5], "texture": "#1"},
				"south": {"uv": [8, 10, 10, 12], "texture": "#1"},
				"west": {"uv": [1.5, 13, 2, 15], "texture": "#1"},
				"up": {"uv": [14.5, 11, 12.5, 10.5], "texture": "#1"},
				"down": {"uv": [4.5, 2.5, 2.5, 3], "texture": "#1"}
			}
		}
	],
	"gui_light": "front",
	"display": {
		"thirdperson_righthand": {
			"rotation": [170, 90, 0],
			"translation": [0, 8, -0.25],
			"scale": [0.6, 0.6, 0.6]
		},
		"thirdperson_lefthand": {
			"rotation": [170, -90, 0],
			"translation": [0, 8, -0.25],
			"scale": [0.6, 0.6, 0.6]
		},
		"firstperson_righthand": {
			"rotation": [-160, 90, 0],
			"translation": [2, 4, 0.75],
			"scale": [0.6, 0.6, 0.6]
		},
		"firstperson_lefthand": {
			"rotation": [-160, -90, 0],
			"translation": [2, 4, 0.75],
			"scale": [0.6, 0.6, 0.6]
		},
		"ground": {
			"rotation": [0, 0, 135],
			"translation": [2.5, 7, 0],
			"scale": [0.5, 0.5, 0.5]
		},
		"gui": {
			"rotation": [-180, 0, 45],
			"translation": [2, 2, 0],
			"scale": [0.5, 0.5, 0.5]
		},
		"head": {
			"translation": [0.25, 8.5, 0.75],
			"scale": [0.6, 0.6, 0.6]
		},
		"fixed": {
			"rotation": [0, 0, -135],
			"translation": [-3, 3, -0.75],
			"scale": [0.6, 0.6, 0.6]
		}
	},
	"groups": [
		{
			"name": "sword",
			"origin": [8, 8, 8],
			"color": 0,
			"children": [
				{
					"name": "pommel",
					"origin": [8, 8, 8],
					"color": 0,
					"children": [0]
				},
				{
					"name": "grip",
					"origin": [8, 8, 8],
					"color": 0,
					"children": [1]
				},
				{
					"name": "guard",
					"origin": [8, 8, 8],
					"color": 0,
					"children": [
						{
							"name": "cross-guard",
							"origin": [8, 8, 8],
							"color": 0,
							"children": [2, 3]
						}
					]
				},
				{
					"name": "blade",
					"origin": [8, 8, 8],
					"color": 0,
					"children": [4, 5, 6, 7, 8, 9]
				}
			]
		}
	]
}